,file_name,mfcc0,mfcc1,mfcc2,mfcc3,mfcc4,mfcc5,mfcc6,mfcc7,mfcc8,mfcc9,mfcc10,mfcc11,mfcc12,duration,emotion
5,./data/neutral/DE-wav/16a07Nb.wav,53.43,1.352,0.013,-2.133,-1.118,-0.892,-0.987,-0.409,-0.333,0.67,0.306,0.37,0.222,2.007,neutral
10,./data/neutral/DE-wav/16a02Nb.wav,50.229,1.128,-0.271,-2.026,-1.064,-0.554,-0.78,-0.344,-0.296,0.551,0.538,0.521,0.279,1.66,neutral
32,./data/neutral/DE-wav/14a05Na.wav,50.624,3.158,0.257,-0.962,-0.265,0.269,-0.073,-0.419,-0.311,0.216,-0.006,0.116,0.273,3.063,neutral
50,./data/neutral/DE-wav/08b01Na.wav,51.946,2.585,0.46,-1.746,-0.629,-0.403,-0.083,-0.394,0.447,0.832,0.41,0.117,-0.12,2.354,neutral
78,./data/neutral/DE-wav/08a02Na.wav,49.943,2.924,0.315,-1.128,-0.698,-0.164,-0.153,-0.186,0.216,0.646,0.53,0.502,0.364,1.791,neutral
85,./data/neutral/DE-wav/09a04Nb.wav,52.718,1.722,0.491,-0.892,-0.474,-0.274,-0.442,-0.34,-0.047,0.289,-0.224,0.029,0.253,1.768,neutral
130,./data/neutral/DE-wav/13a05Nb.wav,50.819,3.183,0.008,-1.243,-0.715,-0.147,-0.258,-0.331,-0.036,0.292,0.355,0.706,0.748,3.188,neutral
140,./data/neutral/DE-wav/10a02Na.wav,29.147,2.452,1.006,-0.801,-0.782,0.617,-0.346,-0.65,-0.247,-0.223,-0.608,-0.393,-0.188,1.659,neutral
141,./data/neutral/DE-wav/03a01Nc.wav,49.576,2.002,0.294,-0.764,-0.09,0.456,-0.56,0.047,-0.219,-0.169,-0.359,-0.177,-0.21,1.611,neutral
145,./data/neutral/DE-wav/11a05Na.wav,51.274,3.777,0.845,-0.112,-0.552,0.601,-0.151,0.144,-0.286,-0.179,-0.209,-0.277,-0.167,3.32,neutral
152,./data/neutral/DE-wav/14b02Na.wav,51.844,3.371,-0.496,-0.866,-0.707,0.164,-0.455,-0.346,-0.484,0.309,0.03,0.155,0.325,2.9,neutral
172,./data/neutral/DE-wav/11b03Nb.wav,50.789,3.134,0.055,0.17,-1.006,-0.147,-0.285,-0.233,-0.514,-0.355,-0.358,-0.486,-0.417,3.621,neutral
174,./data/neutral/DE-wav/15b01Na.wav,50.578,2.607,1.391,-1.148,-0.589,0.016,0.014,-0.286,-0.365,-0.065,-0.242,-0.299,-0.286,2.357,neutral
178,./data/neutral/DE-wav/08a04Nc.wav,51.104,2.44,-0.023,-0.98,-1.042,-0.606,-0.533,-0.469,-0.244,0.354,-0.053,0.276,0.257,2.033,neutral
191,./data/neutral/DE-wav/14a02Nc.wav,50.607,2.507,0.266,-0.743,-0.654,0.08,-0.153,-0.291,-0.289,0.347,0.188,0.444,0.528,1.431,neutral
209,./data/neutral/DE-wav/15a02Na.wav,48.391,2.413,1.413,-0.169,-0.333,0.46,0.154,-0.068,-0.139,0.011,-0.346,-0.144,-0.265,1.614,neutral
292,./data/neutral/DE-wav/03a07Nc.wav,52.813,3.23,0.048,-1.007,-1.111,-0.134,-0.421,-0.091,-0.752,-0.004,-0.555,-0.471,-0.132,1.788,neutral
302,./data/neutral/DE-wav/13b01Nc.wav,52.399,3.636,0.341,-1.155,-0.865,-0.197,-0.18,-0.47,-0.269,0.13,0.071,0.359,0.553,2.431,neutral
305,./data/neutral/DE-wav/11a04Nd.wav,51.502,4.062,0.601,0.167,-1.09,0.137,-0.765,-0.148,-0.464,-0.361,-0.44,-0.593,-0.293,1.684,neutral
332,./data/neutral/DE-wav/12a01Nb.wav,51.331,1.272,-0.178,-1.083,-0.599,0.043,-0.694,-0.404,-0.57,-0.144,-0.586,-0.451,-0.114,1.722,neutral
349,./data/neutral/DE-wav/03b10Nc.wav,51.166,3.07,0.024,-1.952,-0.638,-0.414,-0.595,-0.285,-0.438,-0.283,-0.43,-0.27,-0.083,2.218,neutral
353,./data/neutral/DE-wav/15b02Nd.wav,50.318,2.949,0.975,0.097,-0.483,0.302,-0.23,-0.323,-0.257,-0.171,-0.357,-0.399,-0.23,2.79,neutral
371,./data/neutral/DE-wav/14a07Na.wav,50.308,3.649,0.22,-0.806,-0.251,0.029,-0.236,-0.267,-0.552,0.296,-0.021,-0.069,0.113,2.096,neutral
382,./data/neutral/DE-wav/13a07Na.wav,52.656,3.823,0.236,-1.255,-0.847,-0.167,-0.377,-0.205,-0.216,0.219,0.003,0.11,0.222,1.912,neutral
389,./data/neutral/DE-wav/14a01Na.wav,49.906,2.443,-0.139,-0.523,-0.455,0.308,-0.65,-0.42,-0.391,0.155,-0.204,-0.174,-0.035,1.615,neutral
423,./data/neutral/DE-wav/16a01Nc.wav,51.172,0.648,-0.156,-1.326,-0.894,-0.231,-0.918,-0.332,-0.264,0.364,0.172,0.189,0.176,1.772,neutral
430,./data/neutral/DE-wav/12b02Na.wav,51.24,1.619,-1.136,-1.215,-1.222,-0.326,-0.732,-0.639,-0.588,-0.342,-0.439,-0.346,0.028,2.982,neutral
474,./data/neutral/DE-wav/03a04Nc.wav,51.858,2.157,-0.234,-0.613,-0.627,0.044,-0.69,-0.253,-0.383,-0.227,-0.444,-0.44,-0.277,1.561,neutral
498,./data/neutral/DE-wav/09b09Nd.wav,51.357,3.051,0.741,-1.285,-0.622,-0.619,-0.475,-0.479,-0.113,-0.125,-0.293,-0.089,-0.114,2.714,neutral
572,./data/neutral/DE-wav/08b09Nb.wav,49.57,3.19,0.005,-1.546,-1.102,-0.526,-0.451,-0.614,-0.138,0.373,0.135,0.34,0.493,2.854,neutral
574,./data/neutral/DE-wav/03a02Nc.wav,51.064,2.911,0.69,-1.051,-0.486,0.195,-0.35,-0.132,-0.198,-0.292,-0.479,-0.298,-0.173,1.44,neutral
578,./data/neutral/DE-wav/09a01Nb.wav,50.611,1.47,0.467,-0.781,-0.693,-0.383,-0.466,-0.283,-0.028,0.217,-0.268,-0.181,0.051,1.683,neutral
608,./data/neutral/DE-wav/16b03Nb.wav,52.417,1.088,-0.539,-1.49,-1.399,-0.592,-1.284,-0.586,-0.529,0.108,0.057,0.304,0.31,3.899,neutral
609,./data/neutral/DE-wav/08a05Nb.wav,48.936,2.851,0.051,-1.274,-0.47,-0.04,-0.06,-0.26,0.034,0.597,0.408,0.538,0.347,3.253,neutral
610,./data/neutral/DE-wav/09b02Na.wav,53.525,2.434,0.086,-1.267,-0.914,-0.584,-0.757,-0.514,-0.29,-0.043,-0.351,-0.014,-0.007,2.7,neutral
644,./data/neutral/DE-wav/09b10Nd.wav,51.83,3.497,0.079,-1.73,-1.154,-0.696,-0.454,-0.827,-0.424,-0.142,-0.262,0.032,0.295,2.236,neutral
677,./data/neutral/DE-wav/15b09Nb.wav,50.361,3.373,1.944,-0.317,-0.164,0.497,0.121,-0.14,-0.203,0.013,-0.228,-0.281,-0.146,2.452,neutral
701,./data/neutral/DE-wav/11b02Na.wav,50.191,2.885,-0.017,-0.036,-0.744,-0.137,-0.216,-0.19,-0.404,-0.454,-0.281,-0.507,-0.367,2.699,neutral
703,./data/neutral/DE-wav/15a05Na.wav,48.938,2.983,0.947,-0.596,-0.499,0.246,-0.073,-0.195,-0.258,-0.247,-0.385,-0.322,-0.341,3.121,neutral
711,./data/neutral/DE-wav/14b10Nb.wav,52.648,3.653,-0.306,-1.766,-0.978,-0.385,-0.362,-0.829,-0.801,0.202,0.026,0.186,0.216,2.058,neutral
712,./data/neutral/DE-wav/13a02Nc.wav,51.423,2.344,-0.02,-1.164,-1.051,-0.029,-0.165,-0.247,0.025,0.411,0.175,0.151,0.367,1.558,neutral
733,./data/neutral/DE-wav/10b02Na.wav,55.581,2.824,0.41,-0.122,-1.263,0.436,0.193,-0.364,-0.561,-0.392,-0.44,-0.439,-0.409,2.722,neutral
756,./data/neutral/DE-wav/03b09Nc.wav,50.255,3.088,0.265,-1.351,-0.769,-0.02,-0.288,-0.195,-0.526,-0.248,-0.409,-0.459,-0.248,2.589,neutral
761,./data/neutral/DE-wav/08b03Nb.wav,51.228,1.645,-0.888,-0.967,-1.124,-0.579,-0.402,-0.084,0.285,0.842,0.498,0.369,0.113,3.722,neutral
775,./data/neutral/DE-wav/09a05Nb.wav,48.587,2.942,0.13,-1.188,-0.568,-0.275,-0.251,-0.583,-0.191,0.21,0.029,0.158,0.298,3.078,neutral
809,./data/neutral/DE-wav/15a04Nc.wav,51.343,2.188,0.772,0.278,-0.471,0.184,-0.357,-0.225,-0.193,-0.282,-0.392,-0.169,-0.265,1.698,neutral
836,./data/neutral/DE-wav/03b01Nb.wav,50.137,2.816,0.985,-1.518,-0.285,-0.124,-0.21,0.154,-0.374,-0.087,-0.511,-0.241,-0.325,2.389,neutral
839,./data/neutral/DE-wav/13b10Nc.wav,52.812,3.291,-0.561,-1.803,-1.361,-0.445,-0.379,-0.483,-0.282,0.463,0.177,0.419,0.366,2.368,neutral
866,./data/neutral/DE-wav/10a01Nb.wav,51.471,2.265,1.365,0.016,-0.21,1.171,-0.143,-0.211,-0.126,-0.025,-0.325,-0.43,-0.095,1.807,neutral
870,./data/neutral/DE-wav/03b02Na.wav,51.656,2.6,-0.036,-0.961,-0.364,0.249,-0.52,0.074,-0.293,-0.234,-0.419,-0.242,-0.289,2.945,neutral
875,./data/neutral/DE-wav/09a07Na.wav,52.304,2.778,0.376,-1.64,-0.709,-0.474,-0.664,-0.529,-0.368,0.067,-0.238,0.122,0.228,1.836,neutral
940,./data/neutral/DE-wav/13b09Na.wav,51.661,2.841,-0.273,-1.7,-1.125,-0.469,-0.501,-0.441,-0.24,0.519,0.486,0.747,0.563,2.673,neutral
948,./data/neutral/DE-wav/03b10Na.wav,51.986,3.245,0.259,-1.837,-0.733,-0.144,-0.378,-0.217,-0.371,-0.29,-0.581,-0.402,-0.181,2.256,neutral
959,./data/neutral/DE-wav/09b03Nb.wav,53.236,2.27,0.14,-1.247,-1.145,-0.538,-0.727,-0.564,-0.224,-0.142,-0.253,0.101,0.264,3.819,neutral
970,./data/neutral/DE-wav/16a04Nc.wav,52.467,0.895,-0.412,-1.888,-1.012,-0.961,-1.14,-0.469,-0.372,0.344,0.042,0.505,0.327,1.826,neutral
991,./data/neutral/DE-wav/13b02Nb.wav,53.157,3.047,0.24,-0.807,-0.83,0.079,-0.342,-0.222,-0.148,0.482,0.17,0.578,0.711,2.786,neutral
996,./data/neutral/DE-wav/08b02Nb.wav,49.339,2.193,-0.409,-1.062,-1.018,-0.591,-0.452,-0.263,0.047,0.542,0.18,0.233,0.071,3.056,neutral
999,./data/neutral/DE-wav/13a01Nb.wav,52.332,1.563,-0.371,-1.024,-0.85,-0.065,-0.526,-0.291,-0.106,0.35,0.415,0.714,0.596,1.516,neutral
1024,./data/neutral/DE-wav/08a07Na.wav,51.486,2.819,-0.041,-1.587,-1.046,-0.401,-0.228,-0.181,0.24,0.621,0.176,0.278,0.393,2.084,neutral
1032,./data/neutral/DE-wav/14b01Na.wav,51.723,3.576,0.087,-1.375,-0.501,-0.09,-0.079,-0.694,-0.403,0.27,0.074,0.154,0.395,2.573,neutral
1048,./data/neutral/DE-wav/15b10Nc.wav,52.381,3.941,1.642,-0.79,-0.614,0.037,-0.043,-0.252,-0.328,-0.163,-0.385,-0.28,-0.289,2.203,neutral
1053,./data/neutral/DE-wav/03a05Nd.wav,49.845,2.695,0.254,-1.064,-0.556,0.157,-0.334,-0.085,-0.415,-0.238,-0.53,-0.339,-0.249,3.168,neutral
1055,./data/neutral/DE-wav/12a05Nd.wav,50.427,2.019,-0.324,-1.192,-0.637,-0.095,-0.415,-0.099,-0.456,-0.346,-0.451,-0.216,-0.194,3.186,neutral
1056,./data/neutral/DE-wav/15a01Nb.wav,51.133,1.923,1.088,-0.068,-0.34,0.435,-0.21,-0.196,-0.23,-0.069,-0.327,-0.154,-0.306,1.628,neutral
1065,./data/neutral/DE-wav/15b03Nb.wav,52.67,3.078,0.624,0.285,-0.781,0.235,-0.208,-0.399,-0.177,-0.122,-0.42,-0.313,-0.225,3.2,neutral
1066,./data/neutral/DE-wav/09b01Na.wav,50.373,3.074,0.071,-1.636,-0.529,-0.412,-0.271,-0.792,0.008,0.226,-0.043,0.249,0.451,2.466,neutral
1068,./data/neutral/DE-wav/11b01Nc.wav,52.423,3.758,1.019,-1.014,-0.695,-0.427,0.123,-0.144,-0.446,-0.313,-0.309,-0.328,-0.314,2.22,neutral
1070,./data/neutral/DE-wav/11b09Na.wav,53.409,3.311,0.921,-0.879,-1.312,-0.138,-0.369,-0.235,-0.535,-0.401,-0.424,-0.63,-0.425,2.419,neutral
1109,./data/neutral/DE-wav/03b03Nb.wav,51.478,2.561,-0.359,-0.819,-0.679,-0.135,-0.646,-0.187,-0.469,-0.331,-0.49,-0.351,-0.316,3.644,neutral
1129,./data/neutral/DE-wav/15a07Nc.wav,52.168,3.463,1.481,-0.614,-0.757,0.16,-0.17,-0.309,-0.343,-0.173,-0.417,-0.203,-0.429,1.881,neutral
1157,./data/neutral/DE-wav/08a01Na.wav,49.205,2.295,0.468,-0.627,-0.347,-0.226,-0.223,-0.087,0.197,0.538,0.309,0.349,0.263,1.764,neutral
1212,./data/neutral/DE-wav/10a04Nb.wav,51.3,2.877,0.888,0.263,-0.433,0.769,-0.067,-0.397,-0.178,-0.096,-0.481,-0.412,-0.105,2.05,neutral
1249,./data/neutral/DE-wav/15b10Nb.wav,53.502,4.111,1.911,-0.415,-0.435,-0.022,0.022,-0.122,-0.323,-0.057,-0.342,-0.292,-0.28,2.213,neutral
1252,./data/neutral/DE-wav/11b10Nc.wav,52.095,4.088,0.828,-0.595,-1.255,-0.371,-0.305,-0.241,-0.537,-0.472,-0.456,-0.638,-0.421,2.133,neutral
1259,./data/neutral/DE-wav/12a02Nb.wav,51.271,2.262,0.052,-0.957,-0.975,-0.174,-0.265,-0.592,-0.372,-0.328,-0.428,-0.357,-0.207,1.732,neutral
1274,./data/neutral/DE-wav/11a01Nd.wav,49.314,2.76,0.788,-0.008,-0.514,0.492,-0.494,-0.069,-0.311,-0.122,-0.499,-0.293,-0.362,1.636,neutral
1276,./data/neutral/DE-wav/13b03Na.wav,53.78,2.666,-0.197,-1.119,-1.34,-0.402,-0.678,-0.344,-0.347,0.277,0.245,0.719,0.72,3.567,neutral
1277,./data/neutral/DE-wav/11a02Nc.wav,47.459,3.175,0.659,0.108,-1.039,0.023,-0.148,-0.21,-0.166,-0.289,-0.316,-0.343,-0.276,1.534,neutral
5802,./data/sadness/DE-wav/03b03Tc.wav,46.555,3.176,0.445,0.129,-0.214,0.37,-0.254,0.109,-0.347,-0.075,-0.264,-0.23,-0.137,5.299,sadness
5804,./data/sadness/DE-wav/11b02Td.wav,49.698,3.375,1.047,0.244,-0.535,0.614,-0.493,0.025,-0.159,-0.299,-0.354,-0.333,-0.304,3.604,sadness
5807,./data/sadness/DE-wav/13a04Ta.wav,53.391,3.07,1.555,0.095,0.135,0.441,-0.083,0.058,-0.211,0.53,0.038,0.335,0.47,2.852,sadness
5810,./data/sadness/DE-wav/09a05Tb.wav,51.07,3.073,1.521,-0.1,0.411,0.153,0.227,0.026,0.335,0.367,-0.099,-0.061,0.075,3.909,sadness
5828,./data/sadness/DE-wav/03a02Ta.wav,49.895,2.909,0.825,-0.333,-0.283,0.298,-0.129,0.02,-0.187,-0.269,-0.425,-0.366,-0.104,1.736,sadness
5844,./data/sadness/DE-wav/08b10Tc.wav,48.055,3.669,1.807,0.185,-0.008,-0.19,0.271,-0.049,-0.004,0.309,-0.045,-0.027,-0.016,4.663,sadness
5871,./data/sadness/DE-wav/14b09Td.wav,50.843,2.64,1.251,-0.328,-0.185,0.481,-0.014,-0.222,-0.546,0.56,0.238,0.138,0.278,3.765,sadness
5906,./data/sadness/DE-wav/16b01Tb.wav,47.398,1.889,1.871,-0.819,-0.166,-0.418,-0.343,-0.246,-0.19,0.232,0.165,0.6,0.63,4.378,sadness
5907,./data/sadness/DE-wav/14a04Tb.wav,51.141,2.483,1.278,-0.012,-0.134,0.426,-0.289,-0.208,-0.558,0.498,0.131,0.081,0.26,2.226,sadness
5909,./data/sadness/DE-wav/16a05Tb.wav,48.498,2.08,1.653,-0.368,-0.064,-0.29,-0.472,-0.349,-0.227,0.204,0.03,0.566,0.43,6.144,sadness
5929,./data/sadness/DE-wav/03b09Tc.wav,49.359,3.692,0.912,-1.061,-0.345,0.252,0.065,-0.006,-0.415,-0.319,-0.431,-0.24,-0.014,3.947,sadness
5930,./data/sadness/DE-wav/11b03Td.wav,47.512,2.956,1.452,0.286,-0.275,0.523,-0.351,0.248,-0.236,-0.028,-0.289,-0.277,-0.253,5.905,sadness
5947,./data/sadness/DE-wav/08b02Tc.wav,46.64,2.916,1.537,0.924,0.725,0.568,0.345,0.195,0.328,0.414,0.074,0.074,0.125,6.144,sadness
5959,./data/sadness/DE-wav/14a07Tc.wav,48.729,2.973,1.524,-0.466,-0.047,0.307,0.172,-0.061,-0.363,0.561,-0.05,0.102,0.193,3.264,sadness
5963,./data/sadness/DE-wav/13b03Td.wav,52.341,3.143,1.594,0.229,-0.196,0.462,-0.171,0.041,-0.249,0.153,-0.175,0.139,0.235,4.976,sadness
5978,./data/sadness/DE-wav/11a05Td.wav,44.635,3.176,1.655,0.504,-0.005,0.647,-0.056,0.201,-0.056,-0.164,-0.262,-0.194,-0.154,5.673,sadness
5996,./data/sadness/DE-wav/16a01Tb.wav,47.996,1.153,1.621,-0.504,-0.172,-0.099,-0.638,0.041,0.003,0.406,0.249,0.7,0.496,2.608,sadness
6000,./data/sadness/DE-wav/08a04Tb.wav,47.843,3.278,1.534,0.409,0.302,0.007,-0.039,-0.063,0.068,0.4,-0.027,0.023,0.041,3.837,sadness
6036,./data/sadness/DE-wav/13a02Ta.wav,53.445,2.866,2.167,0.063,0.202,0.849,0.061,0.162,0.146,0.337,-0.115,0.294,0.256,1.864,sadness
6042,./data/sadness/DE-wav/16b10Td.wav,48.998,2.571,1.628,-0.619,-0.256,-0.608,-0.68,-0.72,-0.528,0.204,-0.07,0.262,0.391,3.934,sadness
6048,./data/sadness/DE-wav/09a07Ta.wav,53.741,2.883,1.906,-0.504,-0.258,-0.345,-0.158,-0.135,-0.047,0.398,0.018,0.109,0.439,1.994,sadness
6061,./data/sadness/DE-wav/11a07Ta.wav,50.837,3.728,2.209,0.608,-0.575,0.503,-0.561,0.002,-0.457,-0.383,-0.454,-0.436,-0.385,2.167,sadness
6073,./data/sadness/DE-wav/03b01Td.wav,47.781,2.837,1.108,-0.632,0.184,-0.012,0.23,0.207,-0.207,-0.057,-0.285,-0.042,0.038,3.391,sadness
6087,./data/sadness/DE-wav/14a05Tc.wav,49.147,2.937,1.371,-0.012,0.027,0.425,0.251,-0.002,-0.205,0.348,0.033,0.048,0.019,5.029,sadness
6106,./data/sadness/DE-wav/16a07Td.wav,48.523,1.618,1.892,-0.385,0.237,-0.196,-0.466,-0.116,-0.207,0.379,-0.005,0.486,0.363,3.73,sadness
6112,./data/sadness/DE-wav/12a05Ta.wav,49.771,3.115,0.258,-0.279,0.056,0.233,-0.242,0.141,-0.246,-0.113,-0.325,-0.1,-0.092,5.36,sadness
6118,./data/sadness/DE-wav/03b02Tb.wav,47.029,2.961,0.807,0.012,0.169,0.404,-0.12,0.121,-0.213,-0.176,-0.256,-0.132,-0.086,5.127,sadness
6120,./data/sadness/DE-wav/12b01Ta.wav,50.774,3.32,0.525,-0.473,0.688,0.327,0.077,0.228,-0.067,0.011,-0.193,0.06,-0.022,3.996,sadness
6129,./data/sadness/DE-wav/10a05Tb.wav,53.879,2.981,1.807,0.532,-0.664,0.604,0.37,0.1,-0.396,-0.204,-0.351,-0.202,-0.313,3.334,sadness
6135,./data/sadness/DE-wav/08a07Tb.wav,48.532,3.389,1.763,0.343,0.283,0.149,0.265,0.121,0.222,0.547,0.073,0.055,0.119,4.024,sadness
6157,./data/sadness/DE-wav/08b09Tb.wav,46.33,3.247,1.67,0.254,0.398,0.228,0.153,-0.114,0.047,0.412,0.024,0.078,0.095,6.144,sadness
6159,./data/sadness/DE-wav/03a04Ta.wav,52.032,2.959,0.564,-0.155,-0.096,0.382,-0.284,0.126,-0.358,-0.2,-0.408,-0.216,-0.123,2.064,sadness
6191,./data/sadness/DE-wav/08b03Tc.wav,48.23,3.502,1.489,0.468,0.123,0.076,0.144,0.025,0.229,0.413,-0.12,-0.09,-0.023,6.144,sadness
6203,./data/sadness/DE-wav/15b09Ta.wav,49.232,3.768,2.227,0.066,-0.56,0.248,-0.083,-0.17,-0.294,-0.11,-0.325,-0.266,-0.28,4.016,sadness
6212,./data/sadness/DE-wav/13a07Tc.wav,53.356,3.25,1.808,-0.226,-0.233,0.183,-0.071,-0.022,-0.067,0.266,-0.043,0.248,0.469,2.342,sadness
6221,./data/sadness/DE-wav/09b03Ta.wav,54.555,2.265,1.241,-0.308,-0.722,-0.417,-0.442,-0.232,-0.208,0.069,-0.32,-0.057,0.094,4.093,sadness
6245,./data/sadness/DE-wav/08a07Ta.wav,49.33,3.475,2.018,0.214,0.182,-0.034,0.037,-0.06,0.153,0.386,-0.064,0.062,0.113,3.463,sadness
6253,./data/sadness/DE-wav/14b10Tc.wav,49.798,3.795,1.313,-0.61,-0.34,0.147,0.03,-0.402,-0.673,0.259,-0.167,-0.139,-0.014,3.412,sadness
6289,./data/sadness/DE-wav/09b02Tb.wav,54.937,3.291,1.355,-0.457,-0.547,-0.412,-0.406,-0.525,-0.321,0.133,-0.21,0.054,0.189,3.655,sadness
6296,./data/sadness/DE-wav/16a04Tc.wav,51.156,1.217,1.528,-0.696,-0.599,-0.637,-0.665,-0.251,-0.113,0.322,0.29,0.83,0.669,3.166,sadness
6329,./data/sadness/DE-wav/15b02Tc.wav,52.394,3.699,1.736,0.393,-0.391,0.081,-0.157,-0.301,-0.382,-0.184,-0.375,-0.231,-0.31,3.892,sadness
6346,./data/sadness/DE-wav/10b03Tb.wav,52.8,3.441,1.823,1.117,-0.747,0.703,0.17,-0.036,-0.49,-0.095,-0.39,-0.276,-0.298,3.756,sadness
6349,./data/sadness/DE-wav/14b03Ta.wav,50.623,2.509,0.996,-0.05,-0.286,0.335,-0.263,-0.385,-0.372,0.549,-0.057,0.023,0.171,5.497,sadness
6376,./data/sadness/DE-wav/14a02Tb.wav,51.397,2.651,1.24,-0.43,-0.226,0.64,-0.011,-0.294,-0.298,0.122,-0.233,-0.104,-0.025,2.137,sadness
6380,./data/sadness/DE-wav/15b03Tc.wav,49.274,3.681,2.061,1.201,0.049,0.417,0.131,-0.013,-0.064,0.005,-0.306,-0.068,-0.172,5.341,sadness
6389,./data/sadness/DE-wav/14a05Ta.wav,50.692,3.206,0.952,-0.349,-0.276,0.276,0.128,-0.324,-0.433,0.251,-0.084,-0.011,-0.07,3.738,sadness
6398,./data/sadness/DE-wav/03a05Tc.wav,50.213,3.283,0.868,-0.451,-0.037,0.283,-0.17,0.116,-0.31,-0.182,-0.423,-0.314,-0.166,3.498,sadness
6400,./data/sadness/DE-wav/12b09Td.wav,50.009,3.646,0.489,-0.358,0.335,0.354,-0.237,0.051,-0.115,-0.101,-0.307,-0.185,0.0,5.414,sadness
6416,./data/sadness/DE-wav/10a07Ta.wav,52.268,3.43,2.019,0.21,-0.95,0.654,0.02,-0.08,-0.655,-0.138,-0.445,-0.349,-0.299,1.956,sadness
6417,./data/sadness/DE-wav/11a02Tc.wav,49.646,3.268,1.785,0.682,-0.499,0.462,-0.226,-0.039,-0.213,-0.41,-0.384,-0.448,-0.223,2.064,sadness
6454,./data/sadness/DE-wav/11b10Td.wav,49.643,3.498,2.07,0.58,-0.12,0.511,-0.164,0.176,-0.125,-0.206,-0.184,-0.274,-0.159,3.89,sadness
6468,./data/sadness/DE-wav/13a05Tc.wav,51.994,2.742,1.849,0.488,0.392,0.826,0.246,0.239,0.062,0.472,0.019,0.281,0.406,4.451,sadness
6479,./data/sadness/DE-wav/16b10Tb.wav,50.825,1.77,1.164,-1.188,-0.555,-0.779,-0.777,-0.401,-0.096,0.613,0.503,0.876,0.676,3.501,sadness
6488,./data/sadness/DE-wav/12b03Ta.wav,50.042,3.61,0.144,0.495,0.22,0.574,-0.433,0.041,-0.039,-0.091,-0.111,-0.108,-0.055,5.996,sadness
6520,./data/sadness/DE-wav/16b03Ta.wav,50.203,2.095,1.386,-0.658,-0.727,-0.607,-0.967,-0.587,-0.573,0.133,-0.098,0.315,0.315,5.976,sadness
6530,./data/sadness/DE-wav/14b02Tc.wav,48.112,2.861,1.664,0.517,0.17,0.462,0.267,0.029,-0.407,0.378,-0.052,-0.023,-0.021,6.144,sadness
6548,./data/sadness/DE-wav/14a04Tc.wav,47.269,3.193,1.665,0.59,0.304,0.498,0.057,-0.243,-0.551,0.281,0.155,0.09,0.21,2.935,sadness
6581,./data/sadness/DE-wav/08a02Tb.wav,49.743,3.491,1.634,0.535,0.274,0.205,0.261,-0.131,0.062,0.208,-0.02,-0.025,0.045,3.047,sadness
6606,./data/sadness/DE-wav/15a02Ta.wav,51.578,3.593,2.186,-0.198,-0.466,0.204,-0.177,-0.116,-0.3,0.028,-0.297,-0.286,-0.279,2.267,sadness
6613,./data/sadness/DE-wav/16a02Tc.wav,51.328,1.127,1.204,-1.106,-0.397,-0.615,-0.986,-0.577,-0.174,0.314,0.143,0.776,0.611,2.192,sadness
6637,./data/sadness/DE-wav/08a05Ta.wav,50.306,3.646,1.365,-0.091,0.07,0.039,0.121,-0.199,0.038,0.368,-0.209,-0.162,-0.118,5.622,sadness
6639,./data/sadness/DE-wav/11b09Td.wav,47.258,3.117,1.67,0.185,-0.071,0.653,-0.115,0.355,-0.132,-0.033,-0.251,-0.239,-0.217,4.899,sadness
14454,./data/anger/DE-wav/16b01Wa.wav,48.707,-0.26,-0.872,-2.346,-0.839,-0.753,-0.156,-0.369,0.322,0.596,0.535,0.415,0.277,2.61,anger
14455,./data/anger/DE-wav/12b01Wa.wav,46.993,0.224,-1.024,-1.876,-0.875,-0.664,-0.146,-0.37,-0.092,0.123,0.207,0.306,0.396,2.237,anger
14466,./data/anger/DE-wav/16a05Wb.wav,46.762,-1.938,-1.469,-2.111,-0.707,-0.284,0.327,0.579,0.578,0.581,0.155,0.068,-0.056,3.741,anger
14493,./data/anger/DE-wav/09b01Wb.wav,48.121,-0.771,-1.535,-2.576,-0.892,-0.684,0.011,0.329,1.174,0.743,0.085,-0.301,-0.301,2.158,anger
14515,./data/anger/DE-wav/03a07Wc.wav,48.771,-1.135,-1.414,-1.802,-1.521,-0.475,-0.357,-0.024,0.265,0.73,0.46,0.157,0.104,2.088,anger
14519,./data/anger/DE-wav/15b03Wb.wav,50.839,-0.967,-1.576,-1.079,-1.61,-0.702,-0.729,-0.419,-0.204,-0.048,0.158,0.355,0.339,3.022,anger
14525,./data/anger/DE-wav/12a07Wa.wav,52.221,0.728,-1.578,-1.88,-1.336,-0.526,-0.47,-0.607,-0.593,-0.099,-0.093,0.046,0.325,2.333,anger
14539,./data/anger/DE-wav/09a01Wb.wav,45.736,-2.398,-0.601,-1.737,-0.796,-0.287,-0.302,0.246,1.08,0.977,0.185,-0.112,-0.193,1.702,anger
14544,./data/anger/DE-wav/08b09Wa.wav,46.38,0.136,-1.091,-1.504,-0.724,-0.315,0.504,0.404,0.776,0.539,0.059,-0.062,-0.294,3.166,anger
14548,./data/anger/DE-wav/11a05Wd.wav,47.33,0.805,-0.613,-0.729,-0.709,-0.427,-0.256,-0.114,-0.33,-0.285,-0.235,-0.04,0.131,4.038,anger
14562,./data/anger/DE-wav/15b03Wa.wav,50.185,-0.926,-1.229,-1.032,-1.496,-0.593,-0.628,-0.309,-0.173,0.266,0.238,0.382,0.219,3.363,anger
14564,./data/anger/DE-wav/03a02Wb.wav,48.05,-0.001,-0.07,-1.293,-1.585,-0.294,-0.387,-0.244,0.087,0.241,0.256,0.174,0.282,2.124,anger
14578,./data/anger/DE-wav/14a04Wc.wav,44.127,-1.521,-1.14,-0.823,-0.577,0.001,0.949,1.228,0.535,-0.131,-0.453,0.376,-0.009,2.51,anger
14579,./data/anger/DE-wav/09b02Wc.wav,52.3,0.104,-0.55,-1.63,-1.232,-0.674,-0.742,-0.615,-0.215,0.198,0.11,0.688,0.54,2.724,anger
14588,./data/anger/DE-wav/03b09Wa.wav,47.891,0.982,-0.416,-1.7,-1.402,-0.526,-0.51,-0.333,-0.28,-0.099,-0.066,0.021,0.33,2.894,anger
14597,./data/anger/DE-wav/16b03Wb.wav,44.775,-3.547,-1.505,-1.468,-1.084,-0.241,0.398,1.179,0.93,-0.07,-0.819,0.16,0.226,3.925,anger
14598,./data/anger/DE-wav/10a04Wb.wav,48.72,-1.567,-0.455,-0.072,-0.918,-0.045,-0.237,0.118,0.301,0.665,0.271,0.127,0.217,1.811,anger
14633,./data/anger/DE-wav/11b01Wd.wav,46.709,0.393,-0.187,-1.275,-0.728,-0.744,0.136,-0.059,0.132,0.657,0.664,0.607,0.236,2.815,anger
14637,./data/anger/DE-wav/09a02Wb.wav,45.617,-0.563,-0.836,-2.406,-1.144,-0.483,-0.76,-0.258,0.658,1.07,0.373,0.139,-0.013,1.655,anger
14641,./data/anger/DE-wav/14b03Wb.wav,46.617,-1.089,-1.368,-1.305,-1.228,-0.484,0.155,0.503,0.708,0.693,-0.318,-0.362,-0.009,3.886,anger
14652,./data/anger/DE-wav/13a07Wb.wav,45.905,-0.522,-1.374,-1.936,-1.45,-0.443,-0.202,0.175,0.841,0.919,0.18,-0.094,-0.162,2.258,anger
14669,./data/anger/DE-wav/03b02Wb.wav,48.83,0.373,-1.071,-1.065,-1.075,-0.394,-0.782,-0.429,-0.457,-0.294,-0.164,0.055,0.295,3.184,anger
14684,./data/anger/DE-wav/13a02Wa.wav,47.341,-1.455,-1.013,-2.073,-1.358,-0.111,-0.42,0.44,1.039,0.79,-0.071,-0.211,-0.01,1.669,anger
14690,./data/anger/DE-wav/09a05Wc.wav,44.865,-2.419,-1.357,-1.662,-0.439,-0.096,0.352,0.925,1.169,0.291,-0.308,-0.081,-0.19,3.185,anger
14702,./data/anger/DE-wav/14a01Wc.wav,47.545,-1.116,-0.88,-0.901,-0.711,-0.383,-0.022,0.171,0.374,0.845,0.412,0.165,0.074,1.972,anger
14705,./data/anger/DE-wav/03b10Wc.wav,48.082,-0.646,-1.402,-1.985,-1.55,-0.747,-0.436,-0.046,0.354,0.837,0.365,-0.134,-0.015,2.442,anger
14715,./data/anger/DE-wav/11b03Wa.wav,46.04,1.182,-0.692,-0.641,-1.275,-0.748,-0.505,-0.295,-0.54,-0.2,-0.194,-0.125,0.103,4.065,anger
14716,./data/anger/DE-wav/12b09Wc.wav,49.378,-0.047,-1.959,-2.174,-1.051,-0.094,-0.534,-0.452,-0.238,-0.107,0.156,0.372,0.829,2.438,anger
14729,./data/anger/DE-wav/12b10Wa.wav,46.906,-1.61,-2.23,-1.718,-0.417,-0.631,-0.076,-0.106,0.641,1.34,1.067,-0.001,-0.716,2.549,anger
14735,./data/anger/DE-wav/10b03Wb.wav,48.88,-0.832,-0.58,-0.864,-1.39,-0.235,-0.696,-0.499,-0.288,0.282,-0.116,0.021,0.073,4.486,anger
14736,./data/anger/DE-wav/15b02Wa.wav,49.859,-0.348,-0.935,-0.972,-1.122,-0.504,-0.67,-0.246,-0.318,0.094,0.188,0.437,0.393,2.765,anger
14764,./data/anger/DE-wav/14a01Wa.wav,47.908,-1.803,-1.094,-1.355,-0.839,-0.268,-0.355,0.312,0.627,1.018,0.062,-0.565,0.016,1.638,anger
14765,./data/anger/DE-wav/13b10Wa.wav,50.363,-0.957,-1.635,-1.766,-1.434,-0.193,0.417,0.906,1.302,0.635,-0.481,-0.018,0.335,2.201,anger
14766,./data/anger/DE-wav/11b09Wa.wav,48.273,0.5,-0.977,-1.718,-1.045,-0.805,-0.483,-0.113,-0.042,0.393,0.26,0.073,-0.151,3.81,anger
14770,./data/anger/DE-wav/09a04Wa.wav,45.367,-1.694,-0.324,-1.827,-1.014,-0.458,-0.42,0.106,1.018,0.911,0.261,0.028,-0.143,1.837,anger
14810,./data/anger/DE-wav/11b03Wb.wav,47.446,-0.168,-1.127,-0.954,-1.066,-0.533,-0.48,-0.026,0.036,0.636,0.496,0.213,-0.209,5.214,anger
14811,./data/anger/DE-wav/14b02Wb.wav,49.216,-0.932,-1.351,-0.913,-0.98,-0.554,-0.07,0.074,0.267,0.624,0.114,-0.038,0.057,2.748,anger
14818,./data/anger/DE-wav/15b10Wa.wav,48.225,-0.737,-1.123,-2.387,-1.442,-0.817,-0.418,-0.343,-0.075,0.472,0.677,0.747,0.276,2.634,anger
14822,./data/anger/DE-wav/14a02Wa.wav,46.407,-0.796,-1.071,-1.538,-1.37,-0.509,0.013,0.365,0.631,0.907,-0.076,-0.623,0.025,2.013,anger
14835,./data/anger/DE-wav/03a05Wb.wav,47.386,-1.488,-1.233,-1.502,-1.063,-0.27,-0.538,-0.082,0.532,1.06,0.536,0.138,-0.169,2.962,anger
14846,./data/anger/DE-wav/11a04Wc.wav,47.278,-1.487,-0.95,-0.741,-0.624,-0.755,-0.38,0.208,0.302,0.813,0.57,0.044,-0.06,2.679,anger
14870,./data/anger/DE-wav/11b10Wa.wav,47.379,0.146,-0.859,-1.396,-1.368,-0.82,-0.211,-0.225,-0.321,0.307,0.677,0.648,0.305,2.886,anger
14885,./data/anger/DE-wav/14b01Wc.wav,48.491,-0.305,-1.214,-1.772,-0.999,-0.608,0.176,0.287,0.464,0.8,0.234,-0.181,0.03,2.958,anger
14886,./data/anger/DE-wav/10a07Wb.wav,46.289,-0.269,0.336,-0.066,-0.793,-0.389,-0.149,-0.518,-0.098,0.062,-0.057,0.089,0.223,1.974,anger
14907,./data/anger/DE-wav/03b10Wb.wav,47.987,0.108,-1.164,-2.146,-1.669,-0.747,-0.631,-0.425,-0.056,0.616,0.469,0.438,0.099,2.166,anger
14914,./data/anger/DE-wav/13b10Wc.wav,47.761,-1.993,-2.213,-1.849,-1.063,0.127,0.92,1.031,0.587,0.108,-0.302,-0.191,0.092,2.683,anger
14935,./data/anger/DE-wav/10b09Wb.wav,47.351,-0.324,-0.289,-1.409,-1.124,-0.03,-0.227,-0.442,-0.002,0.22,0.07,0.169,0.297,3.214,anger
14936,./data/anger/DE-wav/13b01Wa.wav,49.725,-0.248,-1.03,-2.023,-0.745,0.122,0.258,0.67,1.374,1.004,0.057,0.018,-0.277,2.252,anger
14952,./data/anger/DE-wav/08b03Wd.wav,43.941,-0.459,-0.956,-1.11,-1.111,-0.511,0.148,0.227,0.63,0.694,0.184,0.034,-0.004,4.081,anger
15002,./data/anger/DE-wav/08a01Wa.wav,44.911,-1.83,-1.072,-1.44,-0.682,-0.423,0.1,0.727,1.388,0.999,-0.281,-0.437,-0.226,1.613,anger
15024,./data/anger/DE-wav/13b09Wa.wav,48.266,-1.846,-1.764,-1.841,-1.02,-0.118,0.463,1.135,1.201,0.149,-0.925,-0.229,0.446,2.4,anger
15048,./data/anger/DE-wav/16a04Wb.wav,42.521,-2.718,-1.067,-1.161,-0.725,-0.159,0.625,0.534,0.327,0.186,0.133,0.284,0.049,2.562,anger
15052,./data/anger/DE-wav/12b02Wb.wav,48.425,-1.452,-2.092,-0.993,-0.838,-0.345,-0.256,0.087,0.595,0.813,0.056,-0.619,-0.264,2.804,anger
15069,./data/anger/DE-wav/16a02Wb.wav,42.284,-2.361,-1.502,-1.875,-0.845,-0.156,0.377,0.657,-0.03,0.278,-0.011,0.072,-0.191,1.77,anger
15095,./data/anger/DE-wav/08a02Wc.wav,42.632,-1.093,-0.756,-1.363,-1.017,-0.144,0.462,0.799,0.832,0.138,-0.243,-0.107,0.013,1.867,anger
15116,./data/anger/DE-wav/16b01Wb.wav,46.358,-1.607,-1.266,-2.257,-0.536,-0.607,0.309,0.32,1.034,1.183,0.233,-0.626,-0.331,2.662,anger
15133,./data/anger/DE-wav/09b03Wb.wav,47.963,-2.506,-1.446,-1.99,-1.313,-0.533,-0.409,0.425,1.364,1.299,0.213,-0.445,-0.604,3.695,anger
15153,./data/anger/DE-wav/16a04Wc.wav,45.718,-3.097,-1.373,-1.509,-1.065,-0.722,0.138,0.391,0.429,0.935,0.055,-0.079,-0.046,1.944,anger
15170,./data/anger/DE-wav/09b02Wd.wav,47.844,-1.268,-1.16,-1.711,-1.161,-0.465,-0.346,-0.04,0.537,0.551,0.112,0.693,0.391,2.621,anger
15185,./data/anger/DE-wav/15b02Wc.wav,48.916,-1.104,-1.529,-1.269,-1.151,-0.571,-0.766,-0.348,-0.183,0.33,0.168,0.039,-0.006,2.623,anger
15206,./data/anger/DE-wav/08a05Wa.wav,48.906,-1.824,-1.457,-1.469,-0.681,-0.36,0.507,0.806,1.061,0.629,-0.224,-0.278,-0.199,2.929,anger
15220,./data/anger/DE-wav/09b10Wa.wav,48.366,-0.807,-1.285,-2.323,-1.029,-0.344,-0.008,0.381,1.035,0.4,-0.279,-0.146,-0.276,2.207,anger
15239,./data/anger/DE-wav/12b02Wd.wav,48.626,0.431,-1.401,-0.683,-0.768,-0.44,-0.378,-0.299,0.062,0.27,0.233,-0.025,0.07,2.65,anger
15242,./data/anger/DE-wav/16b09Wb.wav,43.603,-2.368,-1.741,-1.463,-0.536,-0.378,0.792,0.69,0.597,0.333,-0.388,-0.259,0.112,3.69,anger
15247,./data/anger/DE-wav/14b02Wd.wav,50.211,-0.489,-1.53,-1.538,-1.071,-0.504,-0.563,-0.55,-0.476,0.468,0.621,0.666,0.39,2.292,anger
15249,./data/anger/DE-wav/12a01Wc.wav,46.143,-1.11,-1.012,-0.988,-1.044,-0.269,-0.404,-0.311,-0.212,0.039,0.153,0.275,0.526,2.359,anger
15277,./data/anger/DE-wav/08b02Wd.wav,46.926,-0.888,-1.008,-0.622,-0.504,-0.106,0.39,0.497,0.928,0.835,0.237,0.002,-0.052,3.584,anger
15289,./data/anger/DE-wav/12b02Wa.wav,49.311,-0.221,-2.039,-1.095,-1.065,-0.297,-0.571,-0.496,-0.241,0.225,0.367,0.317,0.271,2.784,anger
15300,./data/anger/DE-wav/15a04Wb.wav,47.343,-1.627,-0.812,-1.566,-1.314,-0.583,-0.789,0.001,0.051,0.498,0.164,0.2,0.154,1.811,anger
15327,./data/anger/DE-wav/11b02Wb.wav,51.107,-0.508,-1.598,-0.744,-1.187,-0.635,-0.574,-0.316,-0.305,0.097,0.414,0.568,0.542,3.249,anger
15344,./data/anger/DE-wav/13a05Wa.wav,47.304,-0.134,-1.376,-1.679,-1.051,-0.17,-0.415,-0.162,0.667,1.183,0.996,0.423,-0.479,2.885,anger
15345,./data/anger/DE-wav/08a07Wc.wav,44.557,-1.163,-1.117,-1.375,-1.009,0.04,1.054,0.626,-0.163,-0.052,0.498,0.213,0.177,2.219,anger
15370,./data/anger/DE-wav/15a01Wa.wav,45.442,-2.47,-1.083,-1.355,-0.838,-0.476,-0.229,0.168,0.379,0.657,0.327,0.074,-0.362,1.831,anger
15396,./data/anger/DE-wav/14b09Wa.wav,47.8,-0.844,-1.418,-1.916,-1.03,-0.453,-0.061,0.196,0.664,1.392,0.627,-0.24,-0.408,3.545,anger
15412,./data/anger/DE-wav/03a05Wa.wav,47.385,-0.063,-0.561,-1.325,-0.835,-0.282,-0.458,-0.285,-0.249,-0.029,-0.074,0.22,0.332,3.441,anger
15413,./data/anger/DE-wav/15a04Wa.wav,47.2,-1.371,-0.827,-1.466,-1.203,-0.608,-0.661,-0.222,-0.015,0.611,0.602,0.583,0.065,1.945,anger
15430,./data/anger/DE-wav/08b10Wa.wav,45.396,0.571,-0.896,-1.59,-1.051,-0.48,0.435,0.331,0.609,0.443,-0.058,-0.228,0.221,3.135,anger
15459,./data/anger/DE-wav/10b10Wa.wav,43.917,0.216,-0.116,-0.967,-1.222,-0.158,-0.239,-0.355,-0.063,0.179,0.013,0.12,0.403,2.646,anger
15461,./data/anger/DE-wav/13a01Wb.wav,46.3,-1.182,-0.989,-1.133,-1.045,0.2,0.245,0.517,0.629,0.29,-0.086,0.161,0.036,2.362,anger
15469,./data/anger/DE-wav/16b10Wa.wav,43.825,-1.467,-1.54,-2.114,-1.224,-0.682,0.323,0.475,0.679,0.465,-0.124,0.033,0.182,2.414,anger
15482,./data/anger/DE-wav/16a01Wb.wav,45.684,-3.05,-1.055,-0.981,-0.668,-0.253,0.371,0.462,0.473,0.365,-0.303,-0.018,0.095,2.2,anger
15485,./data/anger/DE-wav/16a05Wc.wav,44.357,-2.639,-1.607,-1.308,-0.538,-0.436,0.653,0.773,0.694,-0.204,-0.412,0.174,0.318,3.801,anger
15509,./data/anger/DE-wav/16a07Wa.wav,41.739,-1.915,-1.303,-1.687,-0.722,-0.737,0.907,0.863,0.515,-0.173,-0.001,0.174,-0.022,2.382,anger
15529,./data/anger/DE-wav/14b10Wc.wav,47.705,0.447,-1.066,-1.888,-0.96,-0.316,0.213,0.382,0.814,1.372,0.366,-0.394,-0.207,2.655,anger
15583,./data/anger/DE-wav/12a04Wc.wav,50.185,-1.341,-1.968,-1.242,-1.089,-0.7,-0.601,-0.322,0.033,0.714,0.887,0.541,0.259,1.578,anger
15619,./data/anger/DE-wav/10a05Wb.wav,44.202,0.026,-0.024,-0.493,-0.819,0.398,-0.134,-0.254,-0.055,0.389,0.152,0.042,0.161,3.752,anger
15624,./data/anger/DE-wav/11a01Wc.wav,46.363,-1.449,-1.258,-1.031,-0.556,-0.806,-0.234,0.052,0.341,0.523,0.499,0.158,0.134,1.92,anger
15672,./data/anger/DE-wav/14a05Wa.wav,47.02,-1.097,-1.115,-1.032,-0.842,-0.203,0.372,0.501,0.677,0.667,-0.111,-0.058,0.181,4.007,anger
15687,./data/anger/DE-wav/10a01Wa.wav,49.656,-1.922,0.208,-0.247,-0.942,-0.147,-0.164,-0.282,-0.188,0.199,0.143,0.257,0.42,2.17,anger
15700,./data/anger/DE-wav/12a02Wc.wav,49.335,-0.159,-1.701,-1.251,-1.362,-0.639,-0.174,-0.58,-0.287,-0.142,0.088,0.239,0.751,1.466,anger
15744,./data/anger/DE-wav/03b01Wc.wav,48.591,0.848,0.011,-1.418,-0.845,-0.342,-0.059,-0.062,0.024,0.384,0.144,0.209,0.527,2.929,anger
15746,./data/anger/DE-wav/09a07Wb.wav,45.547,-2.727,-1.404,-1.977,-0.644,0.238,0.634,0.801,0.41,-0.101,-0.243,-0.048,0.239,1.988,anger
15748,./data/anger/DE-wav/03b01Wa.wav,48.957,0.349,-0.158,-1.99,-0.806,-0.11,-0.099,-0.063,0.029,0.363,0.275,0.494,0.705,2.18,anger
15761,./data/anger/DE-wav/03a02Wc.wav,46.442,-1.317,-0.69,-1.606,-1.598,-0.065,-0.531,0.016,0.753,0.781,0.483,-0.12,-0.036,1.498,anger
15781,./data/anger/DE-wav/14a04Wb.wav,49.155,-1.732,-1.791,-1.724,-1.456,-0.783,0.078,0.717,0.818,1.314,-0.197,-0.661,-0.072,1.737,anger
15787,./data/anger/DE-wav/11a07Wc.wav,45.93,-0.507,-1.182,-0.995,-0.898,-0.708,-0.183,0.25,0.74,1.089,0.425,-0.287,-0.284,2.238,anger
15788,./data/anger/DE-wav/09a07Wd.wav,47.601,-0.465,-0.748,-2.158,-1.313,-0.566,-0.536,-0.23,0.657,0.977,0.691,0.506,0.104,2.319,anger
15793,./data/anger/DE-wav/12a02Wa.wav,48.195,-0.061,-1.377,-0.99,-1.085,-0.471,-0.087,-0.179,0.104,0.485,0.474,0.266,0.091,1.508,anger
15814,./data/anger/DE-wav/15b09Wb.wav,46.598,0.024,-0.197,-1.871,-1.136,-0.746,-0.373,-0.365,-0.241,0.179,0.059,0.346,0.267,2.656,anger
15821,./data/anger/DE-wav/13a04Wc.wav,48.621,-1.947,-1.872,-1.575,-1.472,-0.445,-0.451,0.264,0.964,1.09,0.112,-0.493,-0.446,1.996,anger
15844,./data/anger/DE-wav/13b02Wa.wav,50.736,-2.182,-2.148,-1.336,-1.017,-0.156,-0.193,0.716,1.355,1.292,0.002,-0.576,-0.33,2.411,anger
15851,./data/anger/DE-wav/15a05Wa.wav,47.894,-1.314,-1.022,-1.664,-0.916,-0.373,-0.536,-0.139,0.144,0.744,0.536,0.468,0.024,3.098,anger
15854,./data/anger/DE-wav/13b03Wc.wav,48.303,-2.53,-1.778,-1.668,-1.061,-0.074,0.119,0.783,1.184,0.772,-0.575,-0.52,-0.06,3.612,anger
15858,./data/anger/DE-wav/10a02Wa.wav,48.752,-0.383,0.238,-0.19,-1.269,-0.146,-0.289,-0.465,-0.186,-0.22,-0.1,-0.007,0.217,2.103,anger
15863,./data/anger/DE-wav/15a02Wd.wav,47.064,-0.253,-0.194,-1.713,-1.234,-0.365,-0.606,-0.555,-0.217,0.094,0.461,0.599,0.246,1.821,anger
15874,./data/anger/DE-wav/10b02Wb.wav,47.54,-0.646,-0.723,-0.715,-1.183,-0.118,-0.444,-0.256,-0.082,0.206,0.236,0.167,0.376,2.868,anger
15917,./data/anger/DE-wav/12a05Wb.wav,48.03,-1.158,-1.639,-1.209,-0.879,-0.506,-0.262,-0.183,0.087,0.695,0.756,0.644,0.111,3.485,anger
15926,./data/anger/DE-wav/03a04Wc.wav,47.831,-1.476,-1.346,-1.282,-1.378,-0.502,-0.574,-0.175,0.419,0.966,0.624,0.133,-0.296,2.044,anger
15936,./data/anger/DE-wav/09a05Wb.wav,46.845,-1.944,-1.369,-1.532,-0.471,-0.14,0.233,0.598,0.994,0.62,-0.109,0.054,-0.031,3.4,anger
15946,./data/anger/DE-wav/15a02Wb.wav,45.909,-1.679,-0.937,-1.608,-1.272,-0.295,-0.223,0.059,0.685,0.631,-0.125,-0.313,-0.246,1.807,anger
15961,./data/anger/DE-wav/03a01Wa.wav,48.328,-1.24,-0.501,-1.385,-0.852,-0.373,-0.586,-0.363,-0.102,0.226,0.232,0.164,0.162,1.878,anger
15968,./data/anger/DE-wav/08b09Wc.wav,45.197,0.33,-0.669,-1.391,-0.742,-0.453,0.283,0.156,0.608,0.915,0.474,-0.015,-0.067,3.312,anger
15979,./data/anger/DE-wav/13a05Wc.wav,45.542,-2.49,-1.87,-1.079,-0.865,0.133,0.88,0.756,0.52,-0.278,-0.346,0.164,0.228,3.39,anger
15987,./data/anger/DE-wav/08a04Wc.wav,47.147,-2.796,-1.492,-1.284,-1.08,-0.368,0.848,0.828,0.516,-0.014,-0.383,-0.051,0.081,1.805,anger
16005,./data/anger/DE-wav/08a01Wc.wav,47.137,-3.264,-1.447,-1.385,-0.585,0.276,1.193,0.895,0.242,-0.349,0.163,0.035,-0.22,1.691,anger
16037,./data/anger/DE-wav/14a02Wc.wav,47.516,-1.51,-1.373,-1.516,-1.412,-0.678,0.137,0.348,0.515,0.888,0.516,0.045,-0.34,2.093,anger
16044,./data/anger/DE-wav/03b03Wc.wav,48.351,-0.806,-1.692,-1.76,-1.591,-0.638,-0.801,-0.433,-0.113,0.535,0.549,0.634,0.316,3.848,anger
16080,./data/anger/DE-wav/14b09Wc.wav,48.948,-1.591,-1.594,-2.161,-1.114,-0.358,0.599,0.903,0.819,0.419,-0.835,-0.432,0.382,2.771,anger
16111,./data/anger/DE-wav/14a07Wc.wav,46.521,-1.159,-1.224,-1.87,-0.878,-0.552,0.002,0.581,0.999,1.208,0.043,-0.606,-0.311,2.064,anger
16114,./data/anger/DE-wav/09b09Wa.wav,49.207,-0.476,-1.274,-2.659,-0.862,-0.544,-0.635,-0.319,0.738,1.118,0.988,0.511,-0.144,2.622,anger
16125,./data/anger/DE-wav/11a02Wc.wav,46.503,-1.505,-0.922,-1.019,-1.166,-0.755,-0.346,0.155,0.341,0.602,0.354,0.135,0.009,2.426,anger
16126,./data/anger/DE-wav/08b01Wa.wav,36.598,-0.034,-0.516,-1.219,-0.703,-0.377,0.395,0.096,0.527,0.666,0.297,0.015,0.076,3.308,anger
16128,./data/anger/DE-wav/16b02Wb.wav,44.882,-3.415,-1.849,-1.267,-0.895,-0.262,0.568,0.744,0.397,0.327,0.179,0.094,-0.258,3.184,anger
16147,./data/anger/DE-wav/15b01Wc.wav,49.793,0.902,0.379,-2.066,-0.91,-0.679,-0.073,-0.536,-0.226,0.033,-0.062,0.111,0.111,2.631,anger
16198,./data/anger/DE-wav/10a04Wa.wav,50.586,-0.321,0.017,0.179,-0.23,0.203,-0.069,-0.266,-0.075,0.155,0.122,0.16,0.248,2.853,anger
16200,./data/anger/DE-wav/16b10Wb.wav,46.933,-1.76,-1.446,-1.659,-0.885,-0.448,0.579,0.276,0.651,0.235,0.058,0.086,-0.087,2.522,anger
16203,./data/anger/DE-wav/14a05Wb.wav,47.253,-1.773,-1.385,-1.324,-0.767,-0.104,0.41,0.78,1.218,0.785,-0.347,-0.385,0.111,3.054,anger
24131,./data/boredom/DE-wav/10b10Lc.wav,54.051,4.029,0.854,-1.143,-0.676,0.808,-0.164,-0.657,-0.249,-0.138,-0.763,-0.202,-0.146,2.27,boredom
24136,./data/boredom/DE-wav/08a02La.wav,52.343,1.838,-0.63,-1.594,-1.094,-0.662,-0.422,-0.486,0.019,0.545,0.386,0.182,0.148,1.734,boredom
24142,./data/boredom/DE-wav/11b09Ld.wav,51.477,3.928,1.009,-0.68,-0.404,-0.203,-0.483,-0.253,-0.52,-0.364,-0.445,-0.551,-0.362,3.377,boredom
24145,./data/boredom/DE-wav/14a05Lb.wav,48.459,2.958,-0.294,-0.891,-0.257,0.06,-0.15,-0.406,-0.551,0.099,-0.047,0.038,0.034,3.519,boredom
24152,./data/boredom/DE-wav/14b03Lb.wav,49.914,2.429,-0.712,-1.156,-1.038,-0.106,-0.826,-0.636,-0.567,0.264,0.128,0.178,0.183,3.58,boredom
24178,./data/boredom/DE-wav/16a05La.wav,46.77,1.657,-0.261,-1.847,-0.612,-0.387,-0.615,-0.322,-0.064,0.399,0.403,0.442,0.054,4.051,boredom
24191,./data/boredom/DE-wav/14a07Ld.wav,52.044,3.069,0.204,-1.564,-0.812,-0.197,-0.406,-0.467,-0.449,0.651,0.483,0.318,-0.114,2.292,boredom
24207,./data/boredom/DE-wav/15b03Lc.wav,52.777,3.067,0.821,0.6,-0.635,0.285,-0.139,-0.309,-0.303,-0.101,-0.4,-0.213,-0.228,3.666,boredom
24214,./data/boredom/DE-wav/08a07La.wav,52.043,3.319,0.001,-1.224,-1.038,-0.704,-0.395,-0.22,0.135,0.928,0.099,-0.239,-0.297,2.524,boredom
24215,./data/boredom/DE-wav/13b01Ld.wav,50.627,2.72,-0.179,-1.648,-0.658,-0.507,0.009,-0.428,-0.067,0.241,0.33,0.058,0.304,2.674,boredom
24226,./data/boredom/DE-wav/16a02Lb.wav,50.288,0.43,-0.126,-1.744,-0.62,-0.841,-0.732,-0.085,0.205,0.671,0.247,0.078,0.09,2.081,boredom
24227,./data/boredom/DE-wav/08a04La.wav,54.241,1.562,-0.616,-1.52,-1.42,-0.901,-0.928,-0.709,-0.035,0.608,-0.123,-0.037,0.345,2.086,boredom
24248,./data/boredom/DE-wav/13a05Lc.wav,51.12,3.005,0.178,-1.117,-0.948,-0.598,-0.165,-0.366,-0.492,-0.011,0.252,0.499,0.561,3.353,boredom
24252,./data/boredom/DE-wav/13a07Lb.wav,52.01,3.36,0.334,-1.625,-1.174,-0.465,-0.542,-0.416,-0.395,0.337,-0.02,-0.106,0.043,2.264,boredom
24264,./data/boredom/DE-wav/13b03Lb.wav,53.09,3.987,0.782,-0.464,-0.847,-0.004,-0.486,-0.334,-0.423,0.055,-0.032,0.112,0.303,3.885,boredom
24281,./data/boredom/DE-wav/08a05Lc.wav,49.274,1.923,-0.492,-1.344,-0.633,-0.395,-0.137,-0.145,0.328,0.895,0.441,0.278,0.071,4.188,boredom
24295,./data/boredom/DE-wav/12a07La.wav,54.212,1.841,-0.871,-1.18,-0.941,-0.077,-0.498,-0.341,-0.31,-0.07,-0.169,0.007,0.252,2.351,boredom
24316,./data/boredom/DE-wav/11b10Ld.wav,50.309,4.036,1.707,-0.102,-0.405,0.251,-0.04,0.071,-0.303,-0.114,-0.384,-0.413,-0.273,3.324,boredom
24323,./data/boredom/DE-wav/03b09La.wav,51.4,3.2,0.541,-1.667,-0.455,-0.076,-0.272,-0.05,-0.377,-0.366,-0.51,-0.327,-0.219,3.113,boredom
24333,./data/boredom/DE-wav/09a04La.wav,54.03,2.328,0.452,-0.97,-0.991,-0.785,-0.584,-0.166,0.035,0.307,-0.421,-0.266,-0.065,1.528,boredom
24343,./data/boredom/DE-wav/09a02La.wav,51.182,2.218,0.267,-1.201,-0.755,-0.466,-0.281,-0.315,0.013,0.338,-0.096,-0.111,0.16,1.52,boredom
24365,./data/boredom/DE-wav/13a01Lb.wav,53.438,2.132,-0.07,-1.092,-0.764,-0.375,-0.585,-0.367,-0.329,0.025,0.053,0.109,0.289,2.005,boredom
24371,./data/boredom/DE-wav/15b09La.wav,50.42,3.141,1.646,-0.195,-0.474,0.178,-0.138,-0.222,-0.391,-0.074,-0.418,-0.183,-0.245,3.218,boredom
24373,./data/boredom/DE-wav/16b09Lb.wav,49.109,1.513,-0.351,-1.955,0.101,-1.177,-0.815,-0.398,-0.439,-0.048,-0.201,0.055,0.07,3.186,boredom
24394,./data/boredom/DE-wav/12b10Ld.wav,51.952,2.619,-0.514,-1.268,-0.933,-0.174,-0.328,-0.538,-0.519,-0.266,-0.382,-0.412,-0.106,3.02,boredom
24434,./data/boredom/DE-wav/16a01Lb.wav,47.956,0.186,-0.395,-2.372,0.035,-0.618,-0.676,-0.089,0.007,0.521,0.303,0.007,-0.078,2.034,boredom
24449,./data/boredom/DE-wav/16b10Lb.wav,50.466,1.961,-0.089,-2.074,-0.58,-0.979,-0.705,-0.674,-0.531,-0.131,-0.096,0.181,0.015,3.443,boredom
24456,./data/boredom/DE-wav/12a01Lb.wav,34.001,1.68,-0.323,-0.357,-0.538,0.367,-0.55,-0.26,-0.29,-0.161,-0.317,-0.229,-0.102,1.887,boredom
24461,./data/boredom/DE-wav/03a04Lc.wav,51.952,2.576,-0.388,-1.023,-0.269,0.038,-0.652,-0.182,-0.304,-0.326,-0.493,-0.296,-0.262,1.931,boredom
24463,./data/boredom/DE-wav/15a02La.wav,53.796,3.143,1.692,0.017,-0.548,0.432,0.017,-0.032,-0.338,-0.144,-0.437,-0.318,-0.341,1.697,boredom
24468,./data/boredom/DE-wav/13a04Lb.wav,52.806,2.249,-0.479,-1.248,-0.641,-0.593,-0.674,-0.232,-0.418,-0.127,-0.387,-0.017,0.448,2.247,boredom
24474,./data/boredom/DE-wav/09a05Lc.wav,50.557,2.792,0.539,-0.627,-0.164,-0.296,-0.181,-0.453,0.131,0.462,-0.083,-0.1,0.181,3.367,boredom
24483,./data/boredom/DE-wav/15b01Lb.wav,53.799,3.784,2.342,-0.793,-0.257,0.014,0.132,-0.013,-0.509,-0.041,-0.413,-0.285,-0.239,2.327,boredom
24488,./data/boredom/DE-wav/13b09La.wav,52.529,3.612,0.681,-1.119,-0.682,-0.4,-0.326,-0.686,-0.7,-0.126,0.153,0.124,0.358,2.59,boredom
24497,./data/boredom/DE-wav/08b09Lc.wav,51.693,3.298,0.344,-1.152,-1.244,-0.959,-0.572,-0.763,-0.296,0.313,-0.215,-0.091,0.096,3.891,boredom
24540,./data/boredom/DE-wav/14b09Lb.wav,51.037,2.216,-0.884,-1.466,-0.832,-0.227,-0.595,-0.568,-0.517,0.486,0.266,0.1,0.177,3.05,boredom
24545,./data/boredom/DE-wav/15b10Lc.wav,53.299,3.904,1.581,-0.415,-0.527,0.071,-0.026,-0.31,-0.293,-0.149,-0.476,-0.309,-0.29,2.468,boredom
24586,./data/boredom/DE-wav/16a07Lb.wav,50.834,1.599,0.497,-2.107,-0.394,-0.879,-0.968,-0.602,-0.48,0.261,-0.043,0.178,0.125,2.167,boredom
24595,./data/boredom/DE-wav/11b03Lc.wav,50.941,3.179,0.424,0.292,-0.894,0.052,-0.515,-0.322,-0.503,-0.384,-0.477,-0.52,-0.458,4.453,boredom
24596,./data/boredom/DE-wav/13a02Lc.wav,52.643,3.453,0.071,-1.017,-0.915,-0.087,-0.227,-0.46,-0.203,0.091,0.089,-0.045,0.172,1.784,boredom
24608,./data/boredom/DE-wav/15a07Ld.wav,52.329,2.891,1.758,-0.473,-0.602,0.017,-0.166,-0.105,-0.4,-0.005,-0.467,-0.162,-0.224,1.802,boredom
24652,./data/boredom/DE-wav/16b03La.wav,51.66,0.963,-0.471,-2.108,-1.063,-0.898,-1.424,-0.372,-0.211,0.44,0.527,0.524,0.177,4.036,boredom
24669,./data/boredom/DE-wav/10a07La.wav,53.879,3.187,0.465,-0.946,-0.88,0.584,-0.185,-0.584,-0.269,-0.37,-0.66,-0.19,-0.03,1.99,boredom
24676,./data/boredom/DE-wav/11a01Ld.wav,50.768,2.541,1.024,-0.231,-0.419,0.342,-0.468,-0.122,-0.369,-0.129,-0.343,-0.279,-0.285,2.082,boredom
24721,./data/boredom/DE-wav/16a04Lc.wav,51.595,1.022,0.326,-1.505,-0.829,-1.054,-1.074,-0.451,-0.59,-0.176,-0.239,0.165,0.087,2.654,boredom
24732,./data/boredom/DE-wav/10b03La.wav,55.582,2.816,-0.385,-0.891,-0.973,0.318,-0.618,-0.907,-0.44,-0.391,-0.86,-0.521,-0.327,3.829,boredom
24733,./data/boredom/DE-wav/11a07Ld.wav,51.628,3.596,0.418,-1.479,-0.573,-0.498,-1.065,-0.305,-0.73,-0.693,-0.523,-0.43,-0.183,1.795,boredom
24741,./data/boredom/DE-wav/09b03Lb.wav,53.069,1.975,0.412,-1.127,-1.552,-0.91,-0.875,-0.617,-0.457,-0.054,-0.354,-0.081,0.174,3.918,boredom
24751,./data/boredom/DE-wav/03a07La.wav,52.771,3.311,0.802,-1.049,-0.577,0.092,-0.51,0.159,-0.394,-0.151,-0.533,-0.281,-0.138,2.402,boredom
24767,./data/boredom/DE-wav/10b09Lb.wav,54.193,3.63,0.621,-1.5,-0.585,0.54,-0.442,-0.743,-0.274,-0.446,-0.709,-0.365,-0.268,2.949,boredom
24778,./data/boredom/DE-wav/14b10Lb.wav,50.957,1.751,-0.987,-2.17,-1.147,-0.551,-0.703,-0.707,-0.593,0.45,-0.12,-0.205,-0.142,2.138,boredom
24792,./data/boredom/DE-wav/14a07Lc.wav,49.098,2.709,0.391,-1.145,-0.43,0.058,-0.174,-0.156,-0.196,0.696,0.432,0.475,0.233,2.995,boredom
24806,./data/boredom/DE-wav/14a02La.wav,49.842,3.0,-0.119,-0.949,-0.557,-0.22,-0.454,-0.567,-0.697,-0.085,-0.141,-0.117,0.187,1.951,boredom
24844,./data/boredom/DE-wav/16b01Lc.wav,51.61,1.778,0.635,-2.751,-0.531,-1.118,-0.598,-0.599,-0.303,0.38,0.388,0.589,0.494,2.466,boredom
24846,./data/boredom/DE-wav/03b01Lb.wav,50.919,2.749,0.648,-1.864,-0.019,-0.27,-0.304,-0.145,-0.484,-0.253,-0.557,-0.251,-0.242,2.879,boredom
24856,./data/boredom/DE-wav/13b10La.wav,53.7,4.413,0.07,-1.565,-0.96,-0.277,-0.274,-0.493,-0.371,0.181,0.173,0.597,0.886,2.348,boredom
24857,./data/boredom/DE-wav/08b03Lc.wav,53.235,2.401,-0.551,-0.863,-1.441,-0.933,-0.53,-0.457,-0.142,0.556,0.172,0.098,-0.109,4.526,boredom
24864,./data/boredom/DE-wav/16a04La.wav,50.399,0.759,0.381,-2.267,-0.801,-0.593,-1.109,-0.402,-0.425,0.018,-0.006,0.152,0.115,2.029,boredom
24873,./data/boredom/DE-wav/08a01Lc.wav,48.598,1.208,-0.337,-1.11,-0.911,-0.433,-0.555,-0.114,0.196,0.623,0.342,0.117,-0.147,2.017,boredom
24896,./data/boredom/DE-wav/16b02Lb.wav,51.898,0.791,-0.739,-2.117,-0.634,-0.615,-1.212,-0.517,-0.24,0.411,0.124,0.422,0.105,3.399,boredom
24922,./data/boredom/DE-wav/08b01Lb.wav,51.765,2.642,-0.025,-1.605,-0.584,-0.668,-0.019,-0.441,0.032,0.539,0.05,0.018,0.272,3.487,boredom
24951,./data/boredom/DE-wav/15b02Lb.wav,53.365,3.13,1.006,0.632,-0.076,0.302,-0.066,-0.181,-0.336,-0.191,-0.475,-0.271,-0.405,2.956,boredom
24964,./data/boredom/DE-wav/12a05Lb.wav,50.398,2.313,-0.545,-1.158,-0.828,-0.048,-0.287,-0.38,-0.439,-0.216,-0.378,-0.233,-0.049,3.828,boredom
24976,./data/boredom/DE-wav/08b02La.wav,50.164,2.562,-0.577,-1.11,-1.024,-0.786,-0.583,-0.403,-0.242,0.272,-0.049,0.155,0.203,3.458,boredom
24977,./data/boredom/DE-wav/11a02Ld.wav,52.75,3.547,0.97,-1.122,-0.517,0.315,-0.562,-0.209,-0.552,-0.295,-0.541,-0.376,-0.266,1.606,boredom
24984,./data/boredom/DE-wav/13b02Lc.wav,51.448,3.572,-0.12,-0.334,-0.882,-0.225,-0.448,-0.376,-0.446,0.015,0.104,0.158,0.354,3.804,boredom
24995,./data/boredom/DE-wav/16b09La.wav,51.924,0.988,-0.669,-1.873,-1.146,-0.804,-0.504,-0.266,0.324,1.089,0.623,0.007,-0.497,3.066,boredom
24996,./data/boredom/DE-wav/12b03La.wav,54.073,1.469,-1.547,-0.915,-1.219,-0.168,-0.967,-0.515,-0.248,-0.23,-0.286,0.025,0.159,3.945,boredom
25009,./data/boredom/DE-wav/16a07La.wav,53.12,1.32,0.425,-2.415,-0.987,-0.802,-0.834,-0.347,-0.104,0.563,0.292,0.548,0.531,2.075,boredom
25036,./data/boredom/DE-wav/14a04Lb.wav,49.373,2.335,-0.443,-1.461,-0.668,-0.274,-0.785,-0.53,-0.734,0.26,-0.059,-0.194,-0.103,1.943,boredom
25049,./data/boredom/DE-wav/03b02La.wav,51.084,3.044,-0.153,-0.746,-0.101,0.183,-0.395,0.024,-0.344,-0.233,-0.394,-0.299,-0.201,3.465,boredom
25052,./data/boredom/DE-wav/10a02Lb.wav,53.645,3.616,0.482,-1.238,-0.445,0.514,-0.398,-0.683,-0.08,-0.447,-0.659,-0.134,-0.205,1.592,boredom
25075,./data/boredom/DE-wav/10b02La.wav,55.177,3.746,0.038,-0.421,-1.08,0.69,0.073,-0.638,-0.484,-0.256,-0.639,-0.312,-0.421,2.691,boredom
25109,./data/boredom/DE-wav/15a01La.wav,54.222,2.06,1.324,0.157,-0.17,0.454,-0.415,-0.073,-0.335,-0.045,-0.375,-0.257,-0.27,1.563,boredom
25115,./data/boredom/DE-wav/08b10La.wav,52.111,3.439,-0.246,-1.76,-1.424,-1.108,-0.433,-0.836,-0.391,0.162,-0.193,0.047,0.156,2.797,boredom
25121,./data/boredom/DE-wav/11a05Lc.wav,50.524,2.981,1.16,0.166,-0.748,0.152,0.132,-0.04,-0.581,-0.44,-0.415,-0.291,-0.317,4.066,boredom
25129,./data/boredom/DE-wav/10a05Ld.wav,52.611,3.181,0.367,-1.362,-0.564,0.41,-0.403,-0.505,-0.368,-0.377,-0.731,-0.32,-0.372,3.296,boredom
25154,./data/boredom/DE-wav/10b01Lb.wav,52.807,3.553,1.396,-1.652,-0.767,0.379,-0.115,-0.564,-0.521,-0.166,-0.796,-0.301,-0.208,2.057,boredom
25195,./data/boredom/DE-wav/16b01La.wav,50.751,1.814,0.868,-2.118,-0.819,-0.966,-0.312,-0.466,-0.378,0.129,0.107,0.243,0.014,2.944,boredom
25211,./data/boredom/DE-wav/11b01Lb.wav,51.939,3.009,1.364,-1.462,0.172,-0.325,-0.418,-0.377,-0.445,-0.363,-0.51,-0.361,-0.358,2.794,boredom
25226,./data/boredom/DE-wav/15a05Lb.wav,48.68,3.091,1.314,-0.068,-0.275,0.387,0.282,-0.171,-0.331,-0.043,-0.348,-0.184,-0.388,3.32,boredom
25261,./data/fear/DE-wav/13b03Ac.wav,52.966,1.508,0.526,-1.046,-0.904,-0.253,-0.343,0.224,0.447,1.179,0.867,0.767,-0.005,3.308,fear
25264,./data/fear/DE-wav/14a05Aa.wav,50.415,0.734,-0.371,-1.305,-0.519,0.065,-0.04,-0.202,0.376,1.235,1.063,0.62,0.12,2.588,fear
25276,./data/fear/DE-wav/14b01Ac.wav,48.592,-0.574,-0.907,-1.946,-0.709,-0.023,0.758,1.249,1.476,0.821,-0.634,-0.866,0.111,2.344,fear
25294,./data/fear/DE-wav/16a05Ab.wav,49.069,-1.601,-1.126,-1.952,-0.723,-0.107,0.379,1.055,1.453,0.832,-0.54,-0.41,-0.099,2.901,fear
25298,./data/fear/DE-wav/11b01Ab.wav,51.504,1.815,0.628,-1.399,-1.078,-0.973,-0.261,-0.525,-0.855,-0.415,-0.305,-0.25,-0.232,2.024,fear
25307,./data/fear/DE-wav/10a07Aa.wav,54.019,0.383,1.115,-1.99,-0.802,-0.556,-0.743,-0.729,-0.335,-0.21,-0.191,0.339,0.48,1.596,fear
25322,./data/fear/DE-wav/11a05Ad.wav,49.204,1.54,0.29,-0.693,-0.56,-0.26,-0.048,-0.232,-0.371,-0.044,-0.005,0.184,0.318,2.916,fear
25325,./data/fear/DE-wav/10a02Ab.wav,49.275,1.313,0.959,-1.04,-0.614,0.339,-0.191,-0.569,0.015,-0.05,-0.122,0.139,0.441,1.608,fear
25337,./data/fear/DE-wav/08a02Ab.wav,48.823,0.259,-0.665,-1.214,-0.96,-0.654,0.043,0.301,1.073,1.378,0.402,-0.125,-0.015,1.584,fear
25339,./data/fear/DE-wav/08b01Aa.wav,48.434,1.021,0.16,-1.265,-0.429,-0.452,0.67,0.572,0.976,1.099,0.547,-0.161,-0.195,2.677,fear
25370,./data/fear/DE-wav/11b02Ab.wav,51.545,1.987,-0.061,-0.342,-0.654,-0.558,-0.497,-0.34,-0.703,-0.429,-0.327,-0.118,-0.058,2.49,fear
25380,./data/fear/DE-wav/08a02Ac.wav,45.651,0.758,0.549,-0.443,-0.691,-0.586,0.188,0.209,0.508,0.861,0.457,0.157,0.095,1.686,fear
25385,./data/fear/DE-wav/16b02Aa.wav,46.661,-2.639,-1.191,-1.496,-0.628,0.009,0.344,1.435,1.119,0.068,-1.131,0.041,-0.106,3.004,fear
25391,./data/fear/DE-wav/15a02Ac.wav,49.49,1.021,0.411,-1.213,-1.057,-0.593,-0.468,-0.347,-0.228,0.171,0.176,0.211,0.27,1.893,fear
25392,./data/fear/DE-wav/14b09Ac.wav,52.629,0.563,-0.823,-2.354,-1.008,-0.574,-0.252,-0.159,0.508,1.854,1.152,0.231,-0.492,2.288,fear
25393,./data/fear/DE-wav/16b10Aa.wav,50.054,-0.784,-0.74,-2.041,-0.87,-0.763,-0.023,0.595,1.143,1.282,-0.04,-0.593,-0.189,2.583,fear
25403,./data/fear/DE-wav/14b10Ad.wav,52.519,1.199,-0.92,-2.59,-1.349,-1.006,-0.521,-0.593,-0.162,1.047,1.28,0.99,0.477,1.966,fear
25445,./data/fear/DE-wav/12a02Ac.wav,52.836,1.082,-0.183,-0.523,-0.846,-0.358,-0.352,-0.248,-0.38,-0.194,-0.14,-0.021,0.242,1.226,fear
25453,./data/fear/DE-wav/15a07Ac.wav,50.853,1.401,0.176,-1.912,-1.573,-0.657,-0.605,-0.767,-0.396,0.066,-0.088,0.176,0.634,1.811,fear
25468,./data/fear/DE-wav/11a01Aa.wav,51.139,1.305,0.613,-0.093,-0.238,-0.273,-0.086,-0.304,-0.516,-0.335,-0.38,-0.348,-0.432,1.557,fear
25488,./data/fear/DE-wav/16b03Ad.wav,48.399,-1.839,-1.516,-1.914,-1.077,-0.346,0.002,1.364,1.511,0.997,-0.91,-0.98,-0.091,3.216,fear
25515,./data/fear/DE-wav/14a02Ab.wav,51.022,0.32,-0.557,-2.266,-1.232,-0.521,-0.58,-0.415,0.456,1.316,1.046,0.669,0.001,1.37,fear
25538,./data/fear/DE-wav/15a04Ab.wav,52.87,1.4,0.845,-0.627,-0.779,-0.334,-0.717,-0.181,-0.507,0.025,-0.32,-0.005,0.219,1.83,fear
25539,./data/fear/DE-wav/13a02Ad.wav,49.927,2.189,0.947,-0.359,-0.652,0.105,0.025,-0.362,-0.18,0.416,0.166,0.417,0.535,1.463,fear
25591,./data/fear/DE-wav/11b10Ad.wav,50.44,2.646,1.108,-0.214,-0.463,-0.157,-0.124,-0.137,-0.37,-0.303,-0.405,-0.347,-0.281,2.446,fear
25603,./data/fear/DE-wav/14a04Aa.wav,52.866,-0.335,-0.613,-1.728,-1.16,-0.744,-0.524,-0.401,-0.072,1.241,0.992,0.802,0.383,1.477,fear
25616,./data/fear/DE-wav/13a04Ac.wav,52.178,1.299,0.144,-0.812,-0.581,-0.419,-0.147,0.164,0.409,1.026,0.807,0.531,-0.109,1.531,fear
25619,./data/fear/DE-wav/14a07Aa.wav,47.105,0.864,0.113,-1.193,-0.508,-0.392,-0.126,0.097,0.184,1.544,1.29,0.477,0.018,2.06,fear
25633,./data/fear/DE-wav/14a01Aa.wav,51.057,0.313,0.117,-1.393,-0.434,0.073,-0.523,-0.305,0.219,0.984,0.735,0.483,0.214,1.534,fear
25671,./data/fear/DE-wav/16b01Aa.wav,48.802,-1.209,-0.843,-2.238,-0.687,-0.278,0.433,0.8,1.147,0.742,-0.393,-0.475,-0.079,2.081,fear
25682,./data/fear/DE-wav/15b02Aa.wav,50.577,0.972,-0.273,-1.074,-1.312,-0.512,-0.689,-0.513,-0.449,0.016,-0.018,0.059,0.454,2.966,fear
25685,./data/fear/DE-wav/11a04Ac.wav,50.383,1.056,-0.448,-0.858,-1.49,-0.613,-0.866,-0.496,-0.72,-0.246,-0.277,-0.386,0.033,1.536,fear
25695,./data/fear/DE-wav/10b01Aa.wav,52.517,-0.149,-0.149,-0.815,-1.587,-0.255,0.005,-0.141,-0.227,0.428,0.551,0.711,0.572,2.088,fear
25710,./data/fear/DE-wav/10a01Ac.wav,49.427,0.494,1.932,-0.535,0.228,1.036,-0.37,-0.169,-0.127,-0.071,-0.333,-0.011,-0.051,1.68,fear
25716,./data/fear/DE-wav/14b03Ad.wav,45.944,-0.269,-0.874,-1.892,-1.314,-0.223,-0.563,-0.133,0.602,1.535,1.033,0.297,-0.38,3.503,fear
25730,./data/fear/DE-wav/16b09Ab.wav,47.176,-1.939,-1.563,-2.272,-0.95,-0.597,0.5,1.253,1.362,0.082,-1.284,-0.325,0.625,2.052,fear
25748,./data/fear/DE-wav/14b02Aa.wav,48.064,-0.162,-0.723,-1.314,-0.717,0.043,-0.11,0.309,0.853,1.446,0.606,0.028,-0.262,2.84,fear
25766,./data/fear/DE-wav/15b10Ac.wav,51.344,1.185,0.238,-1.999,-1.275,-0.774,-0.412,-0.571,-0.379,0.305,0.183,0.353,0.541,2.022,fear
25772,./data/fear/DE-wav/12b09Ac.wav,43.44,2.965,0.05,-0.379,-0.006,-0.016,-0.037,0.026,0.049,-0.165,-0.305,-0.192,0.111,2.472,fear
25815,./data/fear/DE-wav/03b10Ab.wav,45.963,0.086,-0.399,-1.652,-1.005,-0.625,-0.274,-0.198,0.378,1.049,0.837,0.492,0.028,2.828,fear
25824,./data/fear/DE-wav/03a05Aa.wav,49.535,0.141,-0.806,-1.782,-1.177,-0.682,-0.444,-0.291,0.204,0.647,0.63,0.416,0.178,3.088,fear
25833,./data/fear/DE-wav/03a04Ad.wav,50.839,-0.755,-0.742,-1.473,-1.3,-0.787,-0.647,-0.285,0.231,0.858,0.792,0.586,0.216,1.505,fear
25836,./data/fear/DE-wav/15b09Ac.wav,51.867,1.82,0.713,-1.732,-1.141,-0.496,-0.434,-0.518,-0.611,-0.016,-0.345,-0.224,0.245,2.419,fear
25838,./data/fear/DE-wav/12b10Ac.wav,50.542,1.637,-0.497,-1.463,-0.764,-0.547,-0.338,-0.222,-0.186,-0.015,0.051,0.332,0.745,2.03,fear
25847,./data/fear/DE-wav/11a07Ac.wav,49.914,0.674,-0.873,-1.583,-1.729,-0.974,-0.759,-0.651,-0.6,-0.053,0.382,0.355,0.445,1.902,fear
25869,./data/fear/DE-wav/12b02Ad.wav,51.33,2.376,0.187,-0.009,-0.396,-0.104,-0.261,-0.275,-0.461,-0.285,-0.21,-0.237,-0.069,2.231,fear
25876,./data/fear/DE-wav/13a01Ac.wav,48.79,0.087,-0.291,-0.432,-0.842,-0.213,0.251,0.4,0.88,1.141,0.483,0.002,-0.188,1.561,fear
25886,./data/fear/DE-wav/13b01Ab.wav,52.048,1.0,0.067,-1.608,-0.52,0.217,0.278,0.445,1.121,1.245,0.536,0.027,-0.177,2.223,fear
25896,./data/fear/DE-wav/09b10Aa.wav,52.047,0.818,-1.145,-2.522,-1.651,-0.67,-0.063,0.408,1.281,1.496,0.416,-0.195,-0.479,1.656,fear
25936,./data/fear/DE-wav/08a01Ab.wav,49.169,-0.349,-0.553,-1.441,-0.794,-0.476,-0.295,0.193,1.044,1.346,0.543,-0.052,-0.311,1.854,fear
25951,./data/fear/DE-wav/03b02Aa.wav,52.565,0.615,-0.349,-0.965,-0.83,-0.384,-0.541,-0.356,-0.16,0.349,0.37,0.512,0.467,3.085,fear
26001,./data/fear/DE-wav/10a07Ad.wav,53.591,1.705,1.298,-1.204,-0.952,0.364,-0.526,-0.54,-0.463,-0.282,-0.541,-0.232,-0.109,1.603,fear
26012,./data/fear/DE-wav/11b09Ad.wav,47.927,2.204,0.561,-0.713,-0.78,-0.347,-0.187,-0.34,-0.605,-0.287,-0.314,-0.253,-0.165,2.764,fear
26013,./data/fear/DE-wav/13a05Aa.wav,52.049,2.266,0.615,-0.952,-0.504,-0.028,0.372,-0.081,-0.072,0.575,0.779,0.823,0.756,2.792,fear
26020,./data/fear/DE-wav/10b02Aa.wav,53.9,1.625,0.314,-0.877,-1.056,-0.26,-0.47,-0.447,-0.513,-0.253,-0.106,0.084,0.332,2.462,fear
26045,./data/fear/DE-wav/13b09Ab.wav,52.404,1.967,1.021,-0.343,-0.291,-0.097,0.23,0.318,0.445,0.93,0.879,0.724,0.248,2.712,fear
26046,./data/fear/DE-wav/08b10Aa.wav,48.925,1.011,-0.206,-1.405,-0.85,-0.516,0.452,0.479,0.808,0.778,0.361,0.116,-0.129,2.655,fear
26056,./data/fear/DE-wav/15b03Aa.wav,55.319,2.102,1.338,0.315,-0.837,-0.307,-0.533,-0.369,-0.741,-0.317,-0.565,-0.354,-0.423,2.628,fear
26059,./data/fear/DE-wav/14a01Ac.wav,51.095,-1.259,-1.217,-1.567,-0.858,-0.229,0.055,0.575,0.851,1.068,0.059,-0.212,-0.167,1.542,fear
26085,./data/fear/DE-wav/12a05Ab.wav,49.374,1.347,0.074,-0.533,-0.195,0.069,-0.049,-0.13,-0.203,-0.086,0.019,0.069,0.193,3.234,fear
26106,./data/fear/DE-wav/15a04Ac.wav,53.13,0.998,0.556,-0.498,-0.614,-0.054,-0.203,0.101,-0.006,0.574,0.344,0.532,0.458,1.844,fear
26118,./data/fear/DE-wav/10a05Aa.wav,49.992,0.985,-0.42,-1.802,-1.159,-0.217,-0.306,-0.886,-0.122,0.031,0.132,0.365,0.647,2.604,fear
26125,./data/fear/DE-wav/11a01Ab.wav,51.035,1.597,0.756,-0.159,-0.341,-0.219,-0.253,-0.178,-0.503,-0.334,-0.333,-0.325,-0.315,1.504,fear
26133,./data/fear/DE-wav/12a07Ac.wav,51.319,1.803,-0.347,-0.765,-0.609,-0.365,-0.516,-0.243,-0.344,-0.293,-0.371,-0.23,0.042,1.48,fear
26174,./data/fear/DE-wav/16a04Ab.wav,49.907,-1.661,-1.109,-1.755,-0.978,-0.886,0.068,1.161,1.721,1.827,-0.076,-0.85,-0.3,1.48,fear
26183,./data/fear/DE-wav/14a05Ac.wav,47.306,-0.354,-0.679,-1.438,-0.343,-0.024,0.681,0.932,0.935,0.744,-0.442,-0.403,0.023,4.101,fear
26194,./data/fear/DE-wav/08b09Ab.wav,48.51,0.574,-0.067,-1.097,-0.531,-0.195,0.54,0.728,1.058,0.999,0.063,-0.329,-0.141,3.181,fear
26197,./data/fear/DE-wav/11b10Ae.wav,48.703,2.77,1.004,-0.383,-0.489,-0.455,-0.169,-0.244,-0.416,-0.299,-0.348,-0.274,-0.278,2.943,fear
26210,./data/fear/DE-wav/10b09Ad.wav,53.961,2.42,1.726,-0.627,-1.093,0.445,-0.054,-0.471,-0.527,-0.239,-0.614,-0.441,-0.237,1.977,fear
30758,./data/happiness/DE-wav/14a05Fb.wav,45.648,-0.72,-1.086,-1.33,-0.783,-0.401,0.03,0.308,0.841,0.935,0.293,-0.171,-0.084,3.129,happiness
30786,./data/happiness/DE-wav/13b01Fc.wav,49.556,0.476,-1.038,-1.818,-0.59,0.279,0.638,0.539,0.398,0.176,0.042,0.104,0.266,2.633,happiness
30787,./data/happiness/DE-wav/16b10Fb.wav,45.211,-1.755,-0.836,-1.703,-0.149,0.449,1.448,0.879,0.204,0.045,0.326,0.526,-0.174,2.584,happiness
30814,./data/happiness/DE-wav/16a07Fa.wav,46.944,-1.681,-0.975,-2.145,-0.266,0.021,0.838,0.994,0.456,0.102,0.053,0.259,0.062,2.371,happiness
30834,./data/happiness/DE-wav/08a02Fe.wav,49.66,2.624,0.388,-0.969,-0.451,-0.224,-0.135,-0.098,0.347,0.788,0.882,0.581,0.272,1.62,happiness
30837,./data/happiness/DE-wav/08a01Fd.wav,49.149,1.788,0.856,0.127,0.341,0.242,0.064,0.019,0.46,0.711,0.367,-0.04,-0.414,2.3,happiness
30840,./data/happiness/DE-wav/08a04Ff.wav,48.976,1.57,0.156,-1.058,-0.624,-0.656,-0.39,-0.243,0.188,0.87,0.732,0.563,0.32,1.801,happiness
30855,./data/happiness/DE-wav/11b01Fc.wav,47.726,1.365,0.458,-1.019,-0.297,-0.889,0.034,0.136,0.054,0.079,-0.077,-0.072,0.013,2.555,happiness
30857,./data/happiness/DE-wav/16b01Fa.wav,42.679,-1.503,-1.138,-2.046,-0.178,0.321,1.273,0.951,0.404,-0.319,-0.246,0.608,0.238,2.65,happiness
30882,./data/happiness/DE-wav/11a02Fb.wav,47.598,0.373,-0.306,-0.743,-0.836,-0.436,-0.334,0.251,0.235,0.593,0.625,0.257,-0.013,1.785,happiness
30912,./data/happiness/DE-wav/11b03Fc.wav,49.38,1.177,-0.24,-0.578,-0.84,-0.52,-0.526,-0.125,-0.295,0.042,0.091,0.189,0.139,3.83,happiness
30923,./data/happiness/DE-wav/08b10Fd.wav,50.006,1.135,-0.733,-1.697,-0.524,-0.318,0.087,-0.009,0.62,0.487,0.24,0.189,0.202,2.464,happiness
30943,./data/happiness/DE-wav/10b01Fa.wav,51.263,1.239,0.597,-2.143,-1.17,-0.036,-0.21,-0.188,-0.209,0.013,-0.228,-0.047,0.231,2.433,happiness
30945,./data/happiness/DE-wav/13b09Fb.wav,49.23,0.46,-1.023,-1.719,-0.838,-0.058,0.2,0.559,0.555,0.501,0.474,0.218,0.007,2.874,happiness
30946,./data/happiness/DE-wav/03a07Fa.wav,50.603,0.827,-0.317,-1.387,-1.328,-0.51,-0.271,0.103,0.253,0.789,0.363,0.271,0.137,2.134,happiness
30960,./data/happiness/DE-wav/16a07Fb.wav,43.314,-1.829,-1.041,-2.059,-0.125,0.498,1.419,0.853,-0.224,0.046,0.148,0.237,0.237,2.427,happiness
30974,./data/happiness/DE-wav/11a04Fd.wav,46.551,0.363,-0.23,-1.016,-0.615,-0.374,-0.697,-0.271,-0.284,0.054,0.022,0.058,0.016,1.886,happiness
30978,./data/happiness/DE-wav/03a05Fc.wav,48.568,1.156,-0.082,-1.228,-0.585,-0.383,-0.382,-0.125,0.001,0.38,0.231,0.309,0.29,3.196,happiness
31002,./data/happiness/DE-wav/14a05Fa.wav,45.891,-0.666,-1.275,-1.241,-0.649,-0.327,0.35,0.704,1.126,0.904,0.002,-0.491,-0.274,3.246,happiness
31047,./data/happiness/DE-wav/16b03Fd.wav,46.155,-2.258,-1.296,-1.697,-1.318,-0.468,-0.053,0.596,0.962,0.757,0.0,0.401,-0.119,3.658,happiness
31063,./data/happiness/DE-wav/15a07Fb.wav,48.467,0.775,0.041,-1.537,-1.131,-0.305,-0.207,0.048,0.263,0.411,0.029,0.003,-0.194,1.935,happiness
31064,./data/happiness/DE-wav/09b03Fd.wav,49.746,-1.652,-1.096,-2.158,-1.307,-0.488,-0.115,0.79,1.492,1.036,0.121,-0.18,-0.659,3.312,happiness
31082,./data/happiness/DE-wav/15a07Fa.wav,48.011,-0.424,-0.404,-1.973,-1.029,-0.44,-0.378,0.063,0.564,1.138,0.418,-0.178,-0.53,1.964,happiness
31087,./data/happiness/DE-wav/13a04Fc.wav,48.078,-0.925,-1.252,-1.3,-0.744,0.082,0.14,0.821,1.017,0.796,-0.106,-0.465,-0.443,1.783,happiness
31091,./data/happiness/DE-wav/08b01Fe.wav,48.556,0.802,-0.31,-1.92,-0.031,0.089,0.681,0.714,1.024,0.648,-0.208,-0.281,0.008,2.516,happiness
31093,./data/happiness/DE-wav/11a05Fb.wav,47.303,0.763,-0.519,-0.959,-0.416,-0.619,-0.223,0.101,-0.109,0.254,0.275,0.396,0.193,3.544,happiness
31096,./data/happiness/DE-wav/14b01Fa.wav,46.33,0.693,-0.551,-1.849,-0.725,-0.425,0.125,0.111,0.644,0.956,0.422,0.013,0.167,2.56,happiness
31104,./data/happiness/DE-wav/15b09Fa.wav,47.573,0.676,0.183,-1.844,-0.955,-0.376,-0.283,-0.14,0.011,0.473,0.09,0.094,-0.113,2.451,happiness
31135,./data/happiness/DE-wav/16a04Fa.wav,45.143,-2.779,-1.399,-1.57,-1.014,-0.602,0.723,0.866,0.639,-0.053,-0.432,0.372,0.226,2.044,happiness
31137,./data/happiness/DE-wav/13b09Fc.wav,51.196,1.9,-0.67,-1.523,-0.912,-0.287,-0.112,0.165,0.773,0.951,0.506,-0.068,-0.113,2.962,happiness
31155,./data/happiness/DE-wav/08b03Fe.wav,46.724,0.547,-0.703,-1.211,-0.876,-0.348,-0.104,0.184,0.465,0.604,0.224,0.424,0.38,3.616,happiness
31180,./data/happiness/DE-wav/10a04Fd.wav,50.878,0.202,-0.12,-1.914,-1.091,0.066,-0.529,-0.439,-0.062,0.745,0.641,0.82,0.706,1.537,happiness
31207,./data/happiness/DE-wav/13b03Fd.wav,49.076,-0.646,-1.064,-1.3,-0.78,0.015,0.626,1.148,0.945,0.278,-0.448,-0.089,0.146,3.931,happiness
31213,./data/happiness/DE-wav/11a05Fc.wav,47.411,-0.025,-0.98,-1.065,-0.427,-0.567,-0.178,0.247,0.415,0.923,0.709,0.335,-0.079,3.926,happiness
31232,./data/happiness/DE-wav/03b01Fa.wav,51.067,1.274,-0.18,-1.858,-0.703,-0.522,-0.093,-0.212,0.056,0.367,0.362,0.544,0.555,2.362,happiness
31260,./data/happiness/DE-wav/16a01Fc.wav,47.761,-1.823,-0.642,-1.17,-0.368,0.348,1.148,1.181,0.77,0.068,-0.476,0.398,0.414,2.096,happiness
31261,./data/happiness/DE-wav/13a07Fd.wav,46.82,0.009,-1.32,-1.653,-0.956,-0.081,0.423,0.981,1.0,0.4,-0.605,-0.433,0.035,2.013,happiness
31265,./data/happiness/DE-wav/15a05Fb.wav,47.763,0.341,-0.328,-1.642,-0.853,-0.171,-0.097,0.31,0.372,0.854,0.441,0.217,0.008,2.696,happiness
31284,./data/happiness/DE-wav/09a01Fa.wav,46.973,-3.19,-1.235,-1.457,-0.134,0.165,0.85,1.076,0.713,-0.144,-0.292,0.229,-0.037,1.831,happiness
31286,./data/happiness/DE-wav/03a07Fb.wav,50.136,0.18,-0.893,-2.079,-1.442,-0.832,-0.113,0.203,0.73,0.97,0.451,0.191,0.1,2.45,happiness
31308,./data/happiness/DE-wav/10a02Fa.wav,48.448,0.405,0.334,-1.521,-0.576,0.211,-0.148,-0.045,0.468,0.959,0.652,0.188,-0.131,1.524,happiness
31339,./data/happiness/DE-wav/16b03Fa.wav,44.542,-2.63,-1.224,-1.623,-1.024,-0.24,0.342,0.965,0.702,0.243,-0.096,0.349,-0.094,3.866,happiness
31376,./data/happiness/DE-wav/08a07Fd.wav,49.078,1.022,-0.477,-1.662,-0.395,0.004,0.292,0.652,0.523,0.654,0.333,0.431,0.185,1.963,happiness
31401,./data/happiness/DE-wav/08b02Ff.wav,48.494,-0.117,-1.228,-1.023,-0.507,0.412,0.965,0.686,0.151,-0.236,0.11,0.413,0.099,2.771,happiness
31408,./data/happiness/DE-wav/15a01Fb.wav,47.33,-1.067,-0.458,-1.174,-0.832,0.051,-0.424,-0.071,-0.179,0.158,0.132,0.197,0.195,1.627,happiness
31445,./data/happiness/DE-wav/14b01Fc.wav,44.608,-0.181,-0.904,-2.087,-0.531,-0.083,0.84,0.643,0.415,0.405,0.441,0.013,-0.125,2.541,happiness
31447,./data/happiness/DE-wav/11b02Fd.wav,46.196,0.803,-0.425,-0.598,-0.749,-0.884,-0.39,-0.069,-0.357,-0.075,-0.041,0.014,0.038,3.115,happiness
31458,./data/happiness/DE-wav/03a02Fc.wav,48.169,0.069,-0.496,-1.415,-1.16,-0.438,-0.144,0.307,0.657,0.644,0.306,0.005,0.119,2.006,happiness
31463,./data/happiness/DE-wav/08b01Fd.wav,49.797,1.823,0.176,-2.011,-0.436,-0.459,-0.115,-0.268,0.514,0.793,0.504,0.456,0.238,2.482,happiness
31476,./data/happiness/DE-wav/13b02Fb.wav,48.991,0.915,-0.81,-1.216,-0.864,-0.157,-0.178,0.139,0.038,0.267,-0.082,0.53,0.383,3.442,happiness
31485,./data/happiness/DE-wav/14b02Fb.wav,47.817,-1.244,-1.2,-1.352,-0.818,0.052,0.493,0.567,0.433,0.386,-0.055,0.149,0.021,2.837,happiness
31486,./data/happiness/DE-wav/08a05Fe.wav,49.114,0.8,-0.428,-1.292,-0.352,-0.105,0.235,0.706,1.199,1.273,0.162,-0.354,-0.392,3.099,happiness
31513,./data/happiness/DE-wav/09b03Fa.wav,46.626,-2.386,-1.076,-1.494,-0.596,0.393,0.909,1.212,1.022,0.001,-0.449,0.091,-0.069,3.142,happiness
31514,./data/happiness/DE-wav/13a02Fa.wav,48.076,-0.352,-0.822,-1.466,-0.782,0.358,0.461,0.852,0.797,0.206,-0.389,0.073,0.083,2.075,happiness
31516,./data/happiness/DE-wav/16a05Fc.wav,45.241,-1.929,-1.428,-1.855,-0.595,-0.39,0.741,0.814,1.072,0.585,-0.205,-0.393,0.039,3.612,happiness
31558,./data/happiness/DE-wav/16b02Fd.wav,48.388,-2.364,-1.311,-1.475,-0.839,-0.185,0.491,0.633,0.466,0.359,-0.034,0.071,-0.101,3.534,happiness
31568,./data/happiness/DE-wav/14b09Fc.wav,46.397,0.103,-0.991,-2.006,-0.897,-0.235,-0.16,-0.217,0.018,0.803,0.591,0.517,0.296,2.53,happiness
31585,./data/happiness/DE-wav/12b02Fb.wav,48.721,1.809,-0.876,-0.963,-0.848,0.035,-0.519,-0.234,-0.265,-0.11,-0.201,-0.235,-0.003,3.304,happiness
31612,./data/happiness/DE-wav/16b09Fb.wav,42.901,-1.124,-0.947,-1.785,-0.778,-0.608,0.301,0.751,1.147,0.573,-0.448,-0.054,0.299,3.502,happiness
31620,./data/happiness/DE-wav/10b10Fc.wav,51.497,0.911,-0.143,-1.377,-1.632,0.167,-0.237,0.028,-0.007,0.279,0.2,0.335,0.573,2.212,happiness
31654,./data/happiness/DE-wav/09a04Fd.wav,45.819,-2.194,-1.138,-1.568,-1.268,-0.3,0.632,1.331,1.343,0.015,-0.654,0.006,0.05,1.481,happiness
31669,./data/happiness/DE-wav/08b09Fd.wav,47.993,0.871,-0.678,-1.786,-0.643,-0.217,0.149,0.645,1.018,0.853,-0.071,-0.133,-0.444,2.767,happiness
31679,./data/happiness/DE-wav/14a02Fd.wav,48.326,-0.356,-1.061,-1.508,-0.866,-0.389,-0.075,0.655,0.984,0.918,-0.113,-0.499,-0.053,1.682,happiness
31687,./data/happiness/DE-wav/03a04Fd.wav,46.597,0.067,-0.427,-0.963,-0.471,-0.365,-0.582,-0.113,0.111,0.242,0.13,0.261,0.21,1.697,happiness
31690,./data/happiness/DE-wav/15a04Fd.wav,50.091,-0.267,-0.044,-1.112,-0.899,-0.49,-0.347,0.138,0.337,0.806,0.036,-0.042,-0.319,1.791,happiness
31692,./data/happiness/DE-wav/11b09Fd.wav,47.818,2.046,0.426,-0.951,-0.803,-0.458,-0.403,-0.296,-0.441,-0.235,-0.292,-0.219,-0.001,3.037,happiness
31693,./data/happiness/DE-wav/03a01Fa.wav,47.978,1.262,0.16,-1.199,-0.247,-0.268,-0.302,-0.117,-0.157,0.166,0.047,0.151,0.062,1.898,happiness
31706,./data/happiness/DE-wav/12a01Fb.wav,48.031,0.565,-0.703,-1.187,-0.907,-0.33,-0.679,-0.402,-0.328,-0.22,-0.474,-0.307,-0.213,1.864,happiness
31731,./data/happiness/DE-wav/14a07Fd.wav,45.916,0.639,-0.857,-1.211,-0.491,-0.053,0.403,0.746,-0.042,0.146,0.005,0.45,0.154,2.081,happiness
31735,./data/happiness/DE-wav/13a01Fd.wav,43.136,-1.518,-1.202,-1.294,-0.533,0.598,0.632,1.055,0.604,0.138,-0.272,0.159,0.274,1.881,happiness
31739,./data/happiness/DE-wav/13b10Fa.wav,49.816,0.568,-1.26,-1.684,-1.318,-0.369,0.483,1.079,1.104,0.16,-0.811,-0.183,0.462,2.159,happiness
42982,./data/disgust/DE-wav/14a04Ed.wav,45.988,0.234,-0.017,-1.324,-0.678,-0.093,-0.588,-0.045,0.212,0.802,0.636,0.536,0.234,2.916,disgust
43004,./data/disgust/DE-wav/09b03Ed.wav,47.769,-0.166,-0.57,-1.372,-0.974,-0.368,-0.602,-0.183,0.622,0.958,0.905,0.727,0.204,5.065,disgust
43022,./data/disgust/DE-wav/15a07Eb.wav,50.488,3.29,1.127,-1.148,-0.924,-0.116,-0.333,-0.528,-0.19,-0.055,-0.402,-0.278,-0.118,2.397,disgust
43026,./data/disgust/DE-wav/13a01Ea.wav,50.83,1.12,0.321,-1.763,-0.281,0.054,-0.599,-0.079,0.077,-0.05,0.097,0.495,0.48,1.827,disgust
43032,./data/disgust/DE-wav/16b09Eb.wav,45.942,0.797,-0.303,-2.766,-0.829,-0.435,-0.822,-0.516,-0.128,0.509,0.485,0.78,0.385,5.026,disgust
43042,./data/disgust/DE-wav/14b09Ea.wav,46.732,1.881,0.422,-1.668,-0.442,0.309,-0.235,-0.373,-0.103,0.347,0.302,0.556,0.578,4.244,disgust
43079,./data/disgust/DE-wav/14b01Eb.wav,50.404,1.876,0.491,-1.628,-0.776,-0.129,-0.448,-0.568,-0.355,0.127,0.357,0.622,0.696,3.292,disgust
43090,./data/disgust/DE-wav/16a01Ec.wav,50.815,-1.395,-0.67,-2.356,-0.713,-0.324,-0.436,0.002,0.364,0.799,0.367,0.243,0.024,2.43,disgust
43101,./data/disgust/DE-wav/09a07Eb.wav,48.327,1.042,-0.672,-1.469,-0.025,-0.117,-0.276,-0.106,0.53,0.742,0.713,0.529,0.088,3.346,disgust
43104,./data/disgust/DE-wav/11b01Eb.wav,47.263,2.191,1.176,-0.863,-0.613,-0.307,-0.116,-0.306,-0.372,-0.168,-0.218,-0.107,-0.039,3.054,disgust
43116,./data/disgust/DE-wav/15a05Eb.wav,49.781,1.953,0.631,-1.23,-0.514,-0.019,-0.213,-0.267,-0.093,-0.086,-0.365,-0.274,-0.121,3.994,disgust
43134,./data/disgust/DE-wav/14a02Ea.wav,48.8,0.884,-0.062,-1.597,-0.871,0.268,-0.541,-0.518,-0.07,0.17,0.358,0.524,0.419,2.555,disgust
43138,./data/disgust/DE-wav/11a02Ec.wav,50.689,1.945,0.582,-1.265,-0.801,-0.205,-0.83,-0.414,-0.238,-0.372,-0.346,-0.177,-0.075,1.91,disgust
43177,./data/disgust/DE-wav/13a05Ea.wav,52.332,1.779,0.475,-1.706,0.118,0.315,-0.186,0.07,0.526,0.668,0.514,0.691,0.177,4.196,disgust
43202,./data/disgust/DE-wav/16a04Ea.wav,51.086,-0.135,-0.251,-2.037,-1.297,-0.714,-0.998,-0.796,-0.409,0.376,0.248,0.891,0.704,2.65,disgust
43206,./data/disgust/DE-wav/14b03Ed.wav,51.584,-0.12,-0.638,-1.505,-1.231,-0.237,-0.695,-0.22,0.141,0.973,0.979,0.886,0.201,5.05,disgust
43217,./data/disgust/DE-wav/09a01Ea.wav,46.277,-0.176,-0.079,-0.809,0.159,-0.01,-0.103,0.331,0.813,1.003,0.814,0.552,-0.114,2.621,disgust
43222,./data/disgust/DE-wav/13b09Ec.wav,53.338,2.837,0.047,-2.579,-0.695,-0.437,-0.773,-0.179,-0.248,-0.204,0.157,0.552,0.828,2.69,disgust
43251,./data/disgust/DE-wav/14a01Ea.wav,50.137,0.16,0.225,-1.315,-0.226,0.337,-0.648,-0.151,-0.011,0.303,0.357,0.622,0.412,3.142,disgust
43259,./data/disgust/DE-wav/16b02Eb.wav,51.904,0.154,-0.347,-2.181,-1.193,-0.673,-0.93,-0.306,0.238,0.854,0.472,0.643,0.287,4.189,disgust
43276,./data/disgust/DE-wav/09b09Ea.wav,47.083,1.666,-0.227,-1.815,-0.347,-0.369,-0.403,-0.318,0.397,0.556,0.559,0.559,0.368,3.794,disgust
43287,./data/disgust/DE-wav/16b03Ea.wav,48.757,0.073,-0.136,-1.914,-0.961,-0.495,-1.075,-0.479,-0.1,0.485,0.3,0.605,0.298,5.964,disgust
43297,./data/disgust/DE-wav/14b10Eb.wav,49.862,2.451,0.327,-1.747,-0.882,0.067,-0.403,-0.499,-0.218,0.234,0.021,0.576,0.633,3.679,disgust
43304,./data/disgust/DE-wav/09a02Eb.wav,48.037,-0.41,-1.124,-2.452,-0.943,-0.366,-0.776,-0.326,0.578,0.827,1.052,0.927,0.275,1.524,disgust
43349,./data/disgust/DE-wav/16a02Ec.wav,50.052,-0.1,0.174,-2.044,-1.152,-0.44,-0.589,-0.135,0.301,0.571,0.31,0.38,0.194,2.488,disgust
43354,./data/disgust/DE-wav/16a05Ea.wav,44.687,-0.427,-0.184,-2.28,-0.598,-0.38,-0.541,-0.113,0.435,0.837,0.324,0.517,0.188,5.489,disgust
43366,./data/disgust/DE-wav/13a01Ec.wav,51.719,1.378,0.466,-1.362,0.317,0.137,-0.166,0.345,0.532,0.432,0.646,0.637,0.215,2.328,disgust
43383,./data/disgust/DE-wav/12a02Ec.wav,46.877,3.301,0.87,-0.316,-0.359,0.099,0.011,-0.058,-0.051,0.152,-0.152,-0.177,-0.126,3.295,disgust
43388,./data/disgust/DE-wav/09a02Ea.wav,48.34,-1.116,-0.796,-1.458,-0.715,0.079,-0.07,0.364,1.016,0.953,0.155,-0.079,-0.117,2.435,disgust
43397,./data/disgust/DE-wav/16b01Eb.wav,48.876,0.727,-0.091,-2.732,-0.691,-0.536,-0.259,-0.388,0.139,0.254,0.268,0.574,0.533,3.422,disgust
43398,./data/disgust/DE-wav/14a07Eb.wav,50.541,2.073,0.222,-2.107,-0.692,-0.112,-0.683,-0.399,-0.045,0.521,0.419,0.784,0.611,3.437,disgust
43402,./data/disgust/DE-wav/16a07Ea.wav,50.364,0.842,-0.159,-2.8,-1.332,-0.943,-1.045,-0.517,-0.097,0.673,0.446,0.818,0.593,2.996,disgust
43416,./data/disgust/DE-wav/13b10Ec.wav,51.118,1.511,-0.536,-2.631,-0.711,-0.195,-0.293,-0.328,0.442,0.355,0.385,0.768,0.473,2.848,disgust
43418,./data/disgust/DE-wav/09a05Ed.wav,47.616,0.799,-0.57,-1.186,-0.19,-0.201,-0.207,-0.045,0.718,0.7,0.596,0.484,0.211,5.158,disgust
43427,./data/disgust/DE-wav/16a02Ea.wav,46.427,-0.941,-0.309,-2.09,-0.904,-0.192,-0.243,0.323,0.74,0.826,0.051,-0.028,-0.062,2.948,disgust
43429,./data/disgust/DE-wav/10b01Ea.wav,50.875,1.607,1.22,-2.238,-0.462,-0.05,-0.899,-0.388,-0.163,-0.362,-0.452,-0.169,-0.117,2.39,disgust
43437,./data/disgust/DE-wav/09b01Ea.wav,46.66,0.005,-1.053,-1.916,-0.168,-0.209,0.052,0.252,0.925,0.854,0.572,-0.066,-0.33,3.732,disgust
43453,./data/disgust/DE-wav/16b10Eb.wav,49.329,0.707,-0.309,-2.755,-1.3,-0.733,-0.71,-0.416,0.156,0.827,0.625,0.813,0.232,3.224,disgust
43464,./data/disgust/DE-wav/13b03Ed.wav,49.904,2.166,0.517,-1.427,-0.743,-0.031,-0.63,-0.083,-0.201,0.007,0.005,0.478,0.664,4.518,disgust
43468,./data/disgust/DE-wav/13b01Ec.wav,53.084,1.787,0.528,-1.556,-0.861,-0.442,-0.165,-0.352,0.157,0.274,0.508,0.55,0.552,3.092,disgust
43502,./data/disgust/DE-wav/15a01Ea.wav,50.871,0.823,0.787,-1.153,-0.27,-0.06,-0.294,-0.268,-0.099,0.099,-0.38,-0.259,-0.15,2.552,disgust
43518,./data/disgust/DE-wav/13a02Ec.wav,52.105,1.737,0.683,-1.753,-0.111,0.201,-0.123,0.026,0.582,0.602,0.73,0.938,0.543,2.136,disgust
43531,./data/disgust/DE-wav/15b01Ec.wav,51.695,1.63,1.034,-1.81,-0.676,-0.491,-0.013,-0.459,-0.281,0.084,-0.151,-0.029,0.026,2.971,disgust
43539,./data/disgust/DE-wav/03b10Ec.wav,52.915,1.918,-0.042,-2.416,-0.632,-0.731,-0.748,-0.362,-0.296,-0.377,-0.478,-0.233,-0.134,3.202,disgust
43554,./data/disgust/DE-wav/12b02Ea.wav,46.938,1.793,-0.038,-0.35,-0.594,0.053,-0.028,-0.114,0.063,0.08,-0.176,0.001,0.194,5.567,disgust
43592,./data/disgust/DE-wav/15a02Ea.wav,51.21,2.626,1.4,-0.956,-0.488,-0.175,-0.495,-0.467,-0.122,-0.011,-0.357,-0.237,-0.322,2.45,disgust
